CID,StringWithMarkup,ExperimentalValue,Unit,Temperature,Conditions,FullReference
4,"2.59 mmHg (USCG, 1999)",2.59,mmHg,,,CAMEO Chemicals | MONOISOPROPANOLAMINE | CAMEO Chemicals is a chemical database designed for people who are involved in hazardous material incident response and planning. CAMEO Chemicals contains a library with thousands of datasheets contai... | URL: https://cameochemicals.noaa.gov/chemical/8864
4,0.47 [mmHg],0.47,mmHg,,,"Haz-Map, Information on Hazardous Chemicals and Occupational Diseases | 1-Amino-2-propanol | Haz-Map® is an occupational health database designed for health and safety professionals and for consumers seeking information about the adverse effects of workplace exposures to chemical and biologic... | URL: https://haz-map.com/Agents/2843"
4,0.47 mm Hg at 25 °C,0.47,mm Hg,25°C,,"Hazardous Substances Data Bank (HSDB) | 1-AMINO-2-PROPANOL | The Hazardous Substances Data Bank (HSDB) is a toxicology database that focuses on the toxicology of potentially hazardous chemicals. It provides information on human exposure, industrial hygiene, eme... | URL: https://pubchem.ncbi.nlm.nih.gov/source/hsdb/5224"
4,"Vapor pressure, kPa at 20Â °C: 0.2",0.2,kPa,,,ILO-WHO International Chemical Safety Cards (ICSCs) | ISOPROPANOLAMINE | The International Chemical Safety Cards (ICSCs) are data sheets intended to provide essential safety and health information on chemicals in a clear and concise way. The primary aim of the Cards is to ... | URL: https://chemicalsafety.ilo.org/dyn/icsc/showcard.display?p_card_id=0905
4,2.59 mmHg,2.59,mmHg,,,"Occupational Safety and Health Administration (OSHA) | 1-AMINO-2-PROPANOL | The OSHA Occupational Chemical Database contains over 800 entries with information such as physical properties, exposure guidelines, etc. | URL: https://www.osha.gov/chemicaldata/819"
6,0.000085 [mmHg],0.000085,mmHg,,,"Haz-Map, Information on Hazardous Chemicals and Occupational Diseases | 1-Chloro-2,4-dinitrobenzene | Haz-Map® is an occupational health database designed for health and safety professionals and for consumers seeking information about the adverse effects of workplace exposures to chemical and biologic... | URL: https://haz-map.com/Agents/2860"
6,8.5X10-5 mm Hg at 25 °C,8.5e-5,mm Hg,25°C,,"Hazardous Substances Data Bank (HSDB) | 1-CHLORO-2,4-DINITROBENZENE | The Hazardous Substances Data Bank (HSDB) is a toxicology database that focuses on the toxicology of potentially hazardous chemicals. It provides information on human exposure, industrial hygiene, eme... | URL: https://pubchem.ncbi.nlm.nih.gov/source/hsdb/5306"
6,Vapor pressure at 20Â °C: negligible,,,,,"ILO-WHO International Chemical Safety Cards (ICSCs) | 1-CHLORO-2,4-DINITROBENZENE | The International Chemical Safety Cards (ICSCs) are data sheets intended to provide essential safety and health information on chemicals in a clear and concise way. The primary aim of the Cards is to ... | URL: https://chemicalsafety.ilo.org/dyn/icsc/showcard.display?p_card_id=0416"
11,"60 mmHg at 68 °F ; 100 mmHg at 84.9 °F (NTP, 1992)",60,mmHg,68°F,60 mmHg,CAMEO Chemicals | ETHYLENE DICHLORIDE | CAMEO Chemicals is a chemical database designed for people who are involved in hazardous material incident response and planning. CAMEO Chemicals contains a library with thousands of datasheets contai... | URL: https://cameochemicals.noaa.gov/chemical/3410
11,78.9 [mmHg],78.9,mmHg,,,"Haz-Map, Information on Hazardous Chemicals and Occupational Diseases | Ethylene dichloride | Haz-Map® is an occupational health database designed for health and safety professionals and for consumers seeking information about the adverse effects of workplace exposures to chemical and biologic... | URL: https://haz-map.com/Agents/35"
11,78.9 mm Hg at 25 °C,78.9,mm Hg,25°C,,"Hazardous Substances Data Bank (HSDB) | 1,2-Dichloroethane | The Hazardous Substances Data Bank (HSDB) is a toxicology database that focuses on the toxicology of potentially hazardous chemicals. It provides information on human exposure, industrial hygiene, eme... | URL: https://pubchem.ncbi.nlm.nih.gov/source/hsdb/65"
11,"Vapor pressure, kPa at 20Â °C: 8.7",8.7,kPa,,,"ILO-WHO International Chemical Safety Cards (ICSCs) | 1,2-DICHLOROETHANE | The International Chemical Safety Cards (ICSCs) are data sheets intended to provide essential safety and health information on chemicals in a clear and concise way. The primary aim of the Cards is to ... | URL: https://chemicalsafety.ilo.org/dyn/icsc/showcard.display?p_card_id=0250"
11,64 mmHg,64,mmHg,,,"Occupational Safety and Health Administration (OSHA) | ETHYLENE DICHLORIDE (1,2-DICHLOROETHANE) | The OSHA Occupational Chemical Database contains over 800 entries with information such as physical properties, exposure guidelines, etc. | URL: https://www.osha.gov/chemicaldata/54"
11,64 mmHg,64,mmHg,,,"The National Institute for Occupational Safety and Health (NIOSH) | Ethylene dichloride | The NIOSH Pocket Guide to Chemical Hazards is intended as a source of general industrial hygiene information on several hundred chemicals/classes for workers, employers, and occupational health profes... | URL: https://www.cdc.gov/niosh/npg/npgd0271.html"
13,"1 mmHg at 101.1 °F ; 5 mmHg at 153.1 °F (NTP, 1992)",1,mmHg,101.1°F,1 mmHg,"CAMEO Chemicals | 1,2,4-TRICHLOROBENZENE | CAMEO Chemicals is a chemical database designed for people who are involved in hazardous material incident response and planning. CAMEO Chemicals contains a library with thousands of datasheets contai... | URL: https://cameochemicals.noaa.gov/chemical/10062"
13,0.46 [mmHg],0.46,mmHg,,,"Haz-Map, Information on Hazardous Chemicals and Occupational Diseases | 1,2,4-Trichlorobenzene | Haz-Map® is an occupational health database designed for health and safety professionals and for consumers seeking information about the adverse effects of workplace exposures to chemical and biologic... | URL: https://haz-map.com/Agents/661"
13,0.46 mm Hg at 25 °C,0.46,mm Hg,25°C,,"Hazardous Substances Data Bank (HSDB) | 1,2,4-TRICHLOROBENZENE | The Hazardous Substances Data Bank (HSDB) is a toxicology database that focuses on the toxicology of potentially hazardous chemicals. It provides information on human exposure, industrial hygiene, eme... | URL: https://pubchem.ncbi.nlm.nih.gov/source/hsdb/1105"
13,"Vapor pressure, Pa at 25Â °C: 40",40,Pa,,,"ILO-WHO International Chemical Safety Cards (ICSCs) | 1,2,4-TRICHLOROBENZENE | The International Chemical Safety Cards (ICSCs) are data sheets intended to provide essential safety and health information on chemicals in a clear and concise way. The primary aim of the Cards is to ... | URL: https://chemicalsafety.ilo.org/dyn/icsc/showcard.display?p_card_id=1049"
13,1 mmHg,1,mmHg,,,"Occupational Safety and Health Administration (OSHA) | 1,2,4-TRICHLOROBENZENE | The OSHA Occupational Chemical Database contains over 800 entries with information such as physical properties, exposure guidelines, etc. | URL: https://www.osha.gov/chemicaldata/161"
13,1 mmHg,1,mmHg,,,"The National Institute for Occupational Safety and Health (NIOSH) | 1,2,4-Trichlorobenzene | The NIOSH Pocket Guide to Chemical Hazards is intended as a source of general industrial hygiene information on several hundred chemicals/classes for workers, employers, and occupational health profes... | URL: https://www.cdc.gov/niosh/npg/npgd0627.html"
19,0.0000021 [mmHg],0.0000021,mmHg,,,"Haz-Map, Information on Hazardous Chemicals and Occupational Diseases | 2,3-Dihydroxybenzoic acid | Haz-Map® is an occupational health database designed for health and safety professionals and for consumers seeking information about the adverse effects of workplace exposures to chemical and biologic... | URL: https://haz-map.com/Agents/9921"
33,"100 mmHg at 113 °F (40% aqueous solution) (NTP, 1992)",100,mmHg,113°F,100 mmHg,CAMEO Chemicals | 2-CHLOROETHANAL | CAMEO Chemicals is a chemical database designed for people who are involved in hazardous material incident response and planning. CAMEO Chemicals contains a library with thousands of datasheets contai... | URL: https://cameochemicals.noaa.gov/chemical/2867
33,64.3 [mmHg],64.3,mmHg,,,"Haz-Map, Information on Hazardous Chemicals and Occupational Diseases | Chloroacetaldehyde | Haz-Map® is an occupational health database designed for health and safety professionals and for consumers seeking information about the adverse effects of workplace exposures to chemical and biologic... | URL: https://haz-map.com/Agents/352"
33,"Vapor pressure, kPa at 20Â °C: 13.3",13.3,kPa,,,ILO-WHO International Chemical Safety Cards (ICSCs) | CHLOROACETALDEHYDE (40% SOLUTION) | The International Chemical Safety Cards (ICSCs) are data sheets intended to provide essential safety and health information on chemicals in a clear and concise way. The primary aim of the Cards is to ... | URL: https://chemicalsafety.ilo.org/dyn/icsc/showcard.display?p_card_id=0706
33,100 mmHg,100,mmHg,,,"Occupational Safety and Health Administration (OSHA) | CHLOROACETALDEHYDE (2-CHLOROETHANAL) | The OSHA Occupational Chemical Database contains over 800 entries with information such as physical properties, exposure guidelines, etc. | URL: https://www.osha.gov/chemicaldata/62"
33,100 mmHg,100,mmHg,,,"The National Institute for Occupational Safety and Health (NIOSH) | Chloroacetaldehyde | The NIOSH Pocket Guide to Chemical Hazards is intended as a source of general industrial hygiene information on several hundred chemicals/classes for workers, employers, and occupational health profes... | URL: https://www.cdc.gov/niosh/npg/npgd0118.html"
34,"4.9 mmHg (EPA, 1998)",4.9,mmHg,,,CAMEO Chemicals | ETHYLENE CHLOROHYDRIN | CAMEO Chemicals is a chemical database designed for people who are involved in hazardous material incident response and planning. CAMEO Chemicals contains a library with thousands of datasheets contai... | URL: https://cameochemicals.noaa.gov/chemical/681
34,7.18 [mmHg],7.18,mmHg,,,"Haz-Map, Information on Hazardous Chemicals and Occupational Diseases | Ethylene chlorohydrin | Haz-Map® is an occupational health database designed for health and safety professionals and for consumers seeking information about the adverse effects of workplace exposures to chemical and biologic... | URL: https://haz-map.com/Agents/487"
34,Vapor pressure = 7.18 mm Hg @ 25 °C,,,,,"Hazardous Substances Data Bank (HSDB) | 2-CHLOROETHANOL | The Hazardous Substances Data Bank (HSDB) is a toxicology database that focuses on the toxicology of potentially hazardous chemicals. It provides information on human exposure, industrial hygiene, eme... | URL: https://pubchem.ncbi.nlm.nih.gov/source/hsdb/426"
34,4.9 MM HG @ 20 °C,4.9,MM HG,,,"Hazardous Substances Data Bank (HSDB) | 2-CHLOROETHANOL | The Hazardous Substances Data Bank (HSDB) is a toxicology database that focuses on the toxicology of potentially hazardous chemicals. It provides information on human exposure, industrial hygiene, eme... | URL: https://pubchem.ncbi.nlm.nih.gov/source/hsdb/426"
34,"Vapor pressure, kPa at 20Â °C: 0.65",0.65,kPa,,,ILO-WHO International Chemical Safety Cards (ICSCs) | 2-CHLOROETHANOL | The International Chemical Safety Cards (ICSCs) are data sheets intended to provide essential safety and health information on chemicals in a clear and concise way. The primary aim of the Cards is to ... | URL: https://chemicalsafety.ilo.org/dyn/icsc/showcard.display?p_card_id=0236
34,5 mmHg,5,mmHg,,,"Occupational Safety and Health Administration (OSHA) | ETHYLENE CHLOROHYDRIN (2-CHLOROETHANOL) | The OSHA Occupational Chemical Database contains over 800 entries with information such as physical properties, exposure guidelines, etc. | URL: https://www.osha.gov/chemicaldata/55"
34,5 mmHg,5,mmHg,,,"The National Institute for Occupational Safety and Health (NIOSH) | Ethylene chlorohydrin | The NIOSH Pocket Guide to Chemical Hazards is intended as a source of general industrial hygiene information on several hundred chemicals/classes for workers, employers, and occupational health profes... | URL: https://www.cdc.gov/niosh/npg/npgd0268.html"
66,0.06 [mmHg],0.06,mmHg,,,"Haz-Map, Information on Hazardous Chemicals and Occupational Diseases | 2,5-Dichlorophenol | Haz-Map® is an occupational health database designed for health and safety professionals and for consumers seeking information about the adverse effects of workplace exposures to chemical and biologic... | URL: https://haz-map.com/Agents/3023"
66,0.0562 mm Hg at 25 °C,0.0562,mm Hg,25°C,,"Hazardous Substances Data Bank (HSDB) | 2,5-DICHLOROPHENOL | The Hazardous Substances Data Bank (HSDB) is a toxicology database that focuses on the toxicology of potentially hazardous chemicals. It provides information on human exposure, industrial hygiene, eme... | URL: https://pubchem.ncbi.nlm.nih.gov/source/hsdb/4287"
66,"Vapor pressure, Pa at 25Â °C: 7",7,Pa,,,"ILO-WHO International Chemical Safety Cards (ICSCs) | 2,5-DICHLOROPHENOL | The International Chemical Safety Cards (ICSCs) are data sheets intended to provide essential safety and health information on chemicals in a clear and concise way. The primary aim of the Cards is to ... | URL: https://chemicalsafety.ilo.org/dyn/icsc/showcard.display?p_card_id=0439"
72,0.0000021 [mmHg],0.0000021,mmHg,,,"Haz-Map, Information on Hazardous Chemicals and Occupational Diseases | Protocatechuic acid | Haz-Map® is an occupational health database designed for health and safety professionals and for consumers seeking information about the adverse effects of workplace exposures to chemical and biologic... | URL: https://haz-map.com/Agents/10998"
79,0.29 [mmHg],0.29,mmHg,,,"Haz-Map, Information on Hazardous Chemicals and Occupational Diseases | 3-Cyanopyridine | Haz-Map® is an occupational health database designed for health and safety professionals and for consumers seeking information about the adverse effects of workplace exposures to chemical and biologic... | URL: https://haz-map.com/Agents/3251"
79,0.296 mm Hg @ 25 °C,0.296,mm Hg,,,"Hazardous Substances Data Bank (HSDB) | 3-PYRIDINECARBONITRILE | The Hazardous Substances Data Bank (HSDB) is a toxicology database that focuses on the toxicology of potentially hazardous chemicals. It provides information on human exposure, industrial hygiene, eme... | URL: https://pubchem.ncbi.nlm.nih.gov/source/hsdb/5335"
101,0.01 [mmHg],0.01,mmHg,,,"Haz-Map, Information on Hazardous Chemicals and Occupational Diseases | 3-Hydroxybenzaldehyde | Haz-Map® is an occupational health database designed for health and safety professionals and for consumers seeking information about the adverse effects of workplace exposures to chemical and biologic... | URL: https://haz-map.com/Agents/10767"
125,0.000825 [mmHg],0.000825,mmHg,,,"Haz-Map, Information on Hazardous Chemicals and Occupational Diseases | 4-Hydroxybenzyl alcohol | Haz-Map® is an occupational health database designed for health and safety professionals and for consumers seeking information about the adverse effects of workplace exposures to chemical and biologic... | URL: https://haz-map.com/Agents/21489"
127,0.0000555 [mmHg],0.0000555,mmHg,,,"Haz-Map, Information on Hazardous Chemicals and Occupational Diseases | 4-Hydroxyphenylacetic acid | Haz-Map® is an occupational health database designed for health and safety professionals and for consumers seeking information about the adverse effects of workplace exposures to chemical and biologic... | URL: https://haz-map.com/Agents/11165"
135,0.00000019 [mmHg],0.00000019,mmHg,,,"Haz-Map, Information on Hazardous Chemicals and Occupational Diseases | 4-Hydroxybenzoic acid | Haz-Map® is an occupational health database designed for health and safety professionals and for consumers seeking information about the adverse effects of workplace exposures to chemical and biologic... | URL: https://haz-map.com/Agents/3479"
135,1.9X10-7 mm Hg at 25 °C /Extrapolated/,1.9e-7,mm Hg,25°C,Extrapolated,"Hazardous Substances Data Bank (HSDB) | 4-HYDROXYBENZOIC ACID | The Hazardous Substances Data Bank (HSDB) is a toxicology database that focuses on the toxicology of potentially hazardous chemicals. It provides information on human exposure, industrial hygiene, eme... | URL: https://pubchem.ncbi.nlm.nih.gov/source/hsdb/7233"
174,"0.06 mmHg at 68 °F ; 1 mmHg at 127.4 °F (NTP, 1992)",0.06,mmHg,68°F,0.06 mmHg,CAMEO Chemicals | ETHYLENE GLYCOL | CAMEO Chemicals is a chemical database designed for people who are involved in hazardous material incident response and planning. CAMEO Chemicals contains a library with thousands of datasheets contai... | URL: https://cameochemicals.noaa.gov/chemical/8660
174,0.05 [mmHg],0.05,mmHg,,,"Haz-Map, Information on Hazardous Chemicals and Occupational Diseases | Ethylene glycol | Haz-Map® is an occupational health database designed for health and safety professionals and for consumers seeking information about the adverse effects of workplace exposures to chemical and biologic... | URL: https://haz-map.com/Agents/488"
174,0.092 mm Hg at 25 °C /Extrapolated/,0.092,mm Hg,25°C,Extrapolated,"Hazardous Substances Data Bank (HSDB) | ETHYLENE GLYCOL | The Hazardous Substances Data Bank (HSDB) is a toxicology database that focuses on the toxicology of potentially hazardous chemicals. It provides information on human exposure, industrial hygiene, eme... | URL: https://pubchem.ncbi.nlm.nih.gov/source/hsdb/5012"
174,"Vapor pressure, Pa at 20Â °C: 6.5",6.5,Pa,,,ILO-WHO International Chemical Safety Cards (ICSCs) | ETHYLENE GLYCOL | The International Chemical Safety Cards (ICSCs) are data sheets intended to provide essential safety and health information on chemicals in a clear and concise way. The primary aim of the Cards is to ... | URL: https://chemicalsafety.ilo.org/dyn/icsc/showcard.display?p_card_id=0270
174,0.06 mmHg,0.06,mmHg,,,"Occupational Safety and Health Administration (OSHA) | ETHYLENE GLYCOL | The OSHA Occupational Chemical Database contains over 800 entries with information such as physical properties, exposure guidelines, etc. | URL: https://www.osha.gov/chemicaldata/63"
174,0.06 mmHg,0.06,mmHg,,,"The National Institute for Occupational Safety and Health (NIOSH) | Ethylene glycol | The NIOSH Pocket Guide to Chemical Hazards is intended as a source of general industrial hygiene information on several hundred chemicals/classes for workers, employers, and occupational health profes... | URL: https://www.cdc.gov/niosh/npg/npgd0272.html"
176,"11.4 mmHg at 68 °F ; 20 mmHg at 86 °F (NTP, 1992)",11.4,mmHg,68°F,11.4 mmHg,"CAMEO Chemicals | ACETIC ACID, GLACIAL | CAMEO Chemicals is a chemical database designed for people who are involved in hazardous material incident response and planning. CAMEO Chemicals contains a library with thousands of datasheets contai... | URL: https://cameochemicals.noaa.gov/chemical/2272"
176,15.7 [mmHg],15.7,mmHg,,,"Haz-Map, Information on Hazardous Chemicals and Occupational Diseases | Acetic acid | Haz-Map® is an occupational health database designed for health and safety professionals and for consumers seeking information about the adverse effects of workplace exposures to chemical and biologic... | URL: https://haz-map.com/Agents/207"
176,15.7 mm Hg at 25 °C /Extrapolated/,15.7,mm Hg,25°C,Extrapolated,"Hazardous Substances Data Bank (HSDB) | ACETIC ACID | The Hazardous Substances Data Bank (HSDB) is a toxicology database that focuses on the toxicology of potentially hazardous chemicals. It provides information on human exposure, industrial hygiene, eme... | URL: https://pubchem.ncbi.nlm.nih.gov/source/hsdb/40"
176,"Vapor pressure, kPa at 20Â °C: 1.5",1.5,kPa,,,ILO-WHO International Chemical Safety Cards (ICSCs) | ACETIC ACID | The International Chemical Safety Cards (ICSCs) are data sheets intended to provide essential safety and health information on chemicals in a clear and concise way. The primary aim of the Cards is to ... | URL: https://chemicalsafety.ilo.org/dyn/icsc/showcard.display?p_card_id=0363
176,11 mmHg,11,mmHg,,,"Occupational Safety and Health Administration (OSHA) | ACETIC ACID | The OSHA Occupational Chemical Database contains over 800 entries with information such as physical properties, exposure guidelines, etc. | URL: https://www.osha.gov/chemicaldata/469"
176,11 mmHg,11,mmHg,,,"The National Institute for Occupational Safety and Health (NIOSH) | Acetic acid | The NIOSH Pocket Guide to Chemical Hazards is intended as a source of general industrial hygiene information on several hundred chemicals/classes for workers, employers, and occupational health profes... | URL: https://www.cdc.gov/niosh/npg/npgd0002.html"
177,"400 mmHg at 40.8 °F ; 760 mmHg at 68.4 °F (NTP, 1992)",400,mmHg,40.8°F,400 mmHg,CAMEO Chemicals | ACETALDEHYDE | CAMEO Chemicals is a chemical database designed for people who are involved in hazardous material incident response and planning. CAMEO Chemicals contains a library with thousands of datasheets contai... | URL: https://cameochemicals.noaa.gov/chemical/2269
177,902.0 [mmHg],902.0,mmHg,,,"Haz-Map, Information on Hazardous Chemicals and Occupational Diseases | Acetaldehyde | Haz-Map® is an occupational health database designed for health and safety professionals and for consumers seeking information about the adverse effects of workplace exposures to chemical and biologic... | URL: https://haz-map.com/Agents/94"
177,902 mm Hg at 25 °C;758 mm Hg at 20 °C,902,mm Hg,25°C,,"Hazardous Substances Data Bank (HSDB) | ACETALDEHYDE | The Hazardous Substances Data Bank (HSDB) is a toxicology database that focuses on the toxicology of potentially hazardous chemicals. It provides information on human exposure, industrial hygiene, eme... | URL: https://pubchem.ncbi.nlm.nih.gov/source/hsdb/230"
177,"Vapor pressure, kPa at 20Â °C: 101",101,kPa,,,ILO-WHO International Chemical Safety Cards (ICSCs) | ACETALDEHYDE | The International Chemical Safety Cards (ICSCs) are data sheets intended to provide essential safety and health information on chemicals in a clear and concise way. The primary aim of the Cards is to ... | URL: https://chemicalsafety.ilo.org/dyn/icsc/showcard.display?p_card_id=0009
177,740 mmHg,740,mmHg,,,"Occupational Safety and Health Administration (OSHA) | ACETALDEHYDE | The OSHA Occupational Chemical Database contains over 800 entries with information such as physical properties, exposure guidelines, etc. | URL: https://www.osha.gov/chemicaldata/570"
177,740 mmHg,740,mmHg,,,"The National Institute for Occupational Safety and Health (NIOSH) | Acetaldehyde | The NIOSH Pocket Guide to Chemical Hazards is intended as a source of general industrial hygiene information on several hundred chemicals/classes for workers, employers, and occupational health profes... | URL: https://www.cdc.gov/niosh/npg/npgd0001.html"
178,"1 mmHg at 149 °F (NTP, 1992)",1,mmHg,149°F,1 mmHg,CAMEO Chemicals | ACETAMIDE | CAMEO Chemicals is a chemical database designed for people who are involved in hazardous material incident response and planning. CAMEO Chemicals contains a library with thousands of datasheets contai... | URL: https://cameochemicals.noaa.gov/chemical/16061
178,0.04 [mmHg],0.04,mmHg,,,"Haz-Map, Information on Hazardous Chemicals and Occupational Diseases | Acetamide | Haz-Map® is an occupational health database designed for health and safety professionals and for consumers seeking information about the adverse effects of workplace exposures to chemical and biologic... | URL: https://haz-map.com/Agents/3385"
178,0.0182 mm Hg at 25 °C /OECD Guideline 104 (Vapor Pressure Curve)/,0.0182,mm Hg,25°C,OECD Guideline 104 (Vapor Pressure Curve),"Hazardous Substances Data Bank (HSDB) | ACETAMIDE | The Hazardous Substances Data Bank (HSDB) is a toxicology database that focuses on the toxicology of potentially hazardous chemicals. It provides information on human exposure, industrial hygiene, eme... | URL: https://pubchem.ncbi.nlm.nih.gov/source/hsdb/4006"
178,"Vapor pressure, Pa at 65Â °C: 133",133,Pa,,,ILO-WHO International Chemical Safety Cards (ICSCs) | ACETAMIDE | The International Chemical Safety Cards (ICSCs) are data sheets intended to provide essential safety and health information on chemicals in a clear and concise way. The primary aim of the Cards is to ... | URL: https://chemicalsafety.ilo.org/dyn/icsc/showcard.display?p_card_id=0233
178,1 mmHg at 149 °F,1,mmHg,149°F,1 mmHg,"Occupational Safety and Health Administration (OSHA) | ACETAMIDE | The OSHA Occupational Chemical Database contains over 800 entries with information such as physical properties, exposure guidelines, etc. | URL: https://www.osha.gov/chemicaldata/831"
179,2.69 [mmHg],2.69,mmHg,,,"Haz-Map, Information on Hazardous Chemicals and Occupational Diseases | Acetoin | Haz-Map® is an occupational health database designed for health and safety professionals and for consumers seeking information about the adverse effects of workplace exposures to chemical and biologic... | URL: https://haz-map.com/Agents/3417"
179,2.7X10+0 at 25 °C /Estimated/,2.7e+0,,25°C,Estimated,"Hazardous Substances Data Bank (HSDB) | ACETOIN | The Hazardous Substances Data Bank (HSDB) is a toxicology database that focuses on the toxicology of potentially hazardous chemicals. It provides information on human exposure, industrial hygiene, eme... | URL: https://pubchem.ncbi.nlm.nih.gov/source/hsdb/974"
179,2.7x10 (est),,,,,"Occupational Safety and Health Administration (OSHA) | ACETOIN | The OSHA Occupational Chemical Database contains over 800 entries with information such as physical properties, exposure guidelines, etc. | URL: https://www.osha.gov/chemicaldata/811"
180,"180 mmHg at 68 °F ; 270 mmHg at 86 °F (NTP, 1992)",180,mmHg,68°F,180 mmHg,CAMEO Chemicals | ACETONE | CAMEO Chemicals is a chemical database designed for people who are involved in hazardous material incident response and planning. CAMEO Chemicals contains a library with thousands of datasheets contai... | URL: https://cameochemicals.noaa.gov/chemical/8
180,231.0 [mmHg],231.0,mmHg,,,"Haz-Map, Information on Hazardous Chemicals and Occupational Diseases | Acetone | Haz-Map® is an occupational health database designed for health and safety professionals and for consumers seeking information about the adverse effects of workplace exposures to chemical and biologic... | URL: https://haz-map.com/Agents/138"
180,231 mm Hg at 25 °C,231,mm Hg,25°C,,"Hazardous Substances Data Bank (HSDB) | ACETONE | The Hazardous Substances Data Bank (HSDB) is a toxicology database that focuses on the toxicology of potentially hazardous chemicals. It provides information on human exposure, industrial hygiene, eme... | URL: https://pubchem.ncbi.nlm.nih.gov/source/hsdb/41"
180,"Vapor pressure, kPa at 20Â °C: 24",24,kPa,,,ILO-WHO International Chemical Safety Cards (ICSCs) | ACETONE | The International Chemical Safety Cards (ICSCs) are data sheets intended to provide essential safety and health information on chemicals in a clear and concise way. The primary aim of the Cards is to ... | URL: https://chemicalsafety.ilo.org/dyn/icsc/showcard.display?p_card_id=0087
180,180 mmHg,180,mmHg,,,"Occupational Safety and Health Administration (OSHA) | ACETONE | The OSHA Occupational Chemical Database contains over 800 entries with information such as physical properties, exposure guidelines, etc. | URL: https://www.osha.gov/chemicaldata/476"
180,180 mmHg,180,mmHg,,,"The National Institute for Occupational Safety and Health (NIOSH) | Acetone | The NIOSH Pocket Guide to Chemical Hazards is intended as a source of general industrial hygiene information on several hundred chemicals/classes for workers, employers, and occupational health profes... | URL: https://www.cdc.gov/niosh/npg/npgd0004.html"
196,3.02X10-5 Pa at 25 °C (2.27X10-7 mm Hg),3.02e-5,Pa,25°C,5 Pa,"Hazardous Substances Data Bank (HSDB) | ADIPIC ACID | The Hazardous Substances Data Bank (HSDB) is a toxicology database that focuses on the toxicology of potentially hazardous chemicals. It provides information on human exposure, industrial hygiene, eme... | URL: https://pubchem.ncbi.nlm.nih.gov/source/hsdb/188"
196,"Vapor pressure, Pa at 18.5Â °C: 10",10,Pa,,,ILO-WHO International Chemical Safety Cards (ICSCs) | ADIPIC ACID | The International Chemical Safety Cards (ICSCs) are data sheets intended to provide essential safety and health information on chemicals in a clear and concise way. The primary aim of the Cards is to ... | URL: https://chemicalsafety.ilo.org/dyn/icsc/showcard.display?p_card_id=0369
222,"400 mmHg at -49.72 °F (EPA, 1998)",400,mmHg,-49.72°F,400 mmHg,"CAMEO Chemicals | AMMONIA, ANHYDROUS | CAMEO Chemicals is a chemical database designed for people who are involved in hazardous material incident response and planning. CAMEO Chemicals contains a library with thousands of datasheets contai... | URL: https://cameochemicals.noaa.gov/chemical/4860"
222,"Vapor pressure: 1 Pa at -139 °C, 10 Pa at -127 °C, 100 Pa at -112 °C; 1 kPa at -94.5 °C (solids); 10 kPa at -71.3 °C, 100 kPa at -33.6 °C (liquid)",1,,-139°C,1 Pa,"Hazardous Substances Data Bank (HSDB) | Ammonia | The Hazardous Substances Data Bank (HSDB) is a toxicology database that focuses on the toxicology of potentially hazardous chemicals. It provides information on human exposure, industrial hygiene, eme... | URL: https://pubchem.ncbi.nlm.nih.gov/source/hsdb/162"
222,7500 mm Hg at 25 °C,7500,mm Hg,25°C,,"Hazardous Substances Data Bank (HSDB) | Ammonia | The Hazardous Substances Data Bank (HSDB) is a toxicology database that focuses on the toxicology of potentially hazardous chemicals. It provides information on human exposure, industrial hygiene, eme... | URL: https://pubchem.ncbi.nlm.nih.gov/source/hsdb/162"
222,"Vapor pressure, kPa at 26Â °C: 1013",1013,kPa,,,ILO-WHO International Chemical Safety Cards (ICSCs) | AMMONIA (ANHYDROUS) | The International Chemical Safety Cards (ICSCs) are data sheets intended to provide essential safety and health information on chemicals in a clear and concise way. The primary aim of the Cards is to ... | URL: https://chemicalsafety.ilo.org/dyn/icsc/showcard.display?p_card_id=0414
222,8.5 atm,8.5,atm,,,"Occupational Safety and Health Administration (OSHA) | AMMONIA | The OSHA Occupational Chemical Database contains over 800 entries with information such as physical properties, exposure guidelines, etc. | URL: https://www.osha.gov/chemicaldata/623"
222,8.5 atm,8.5,atm,,,"The National Institute for Occupational Safety and Health (NIOSH) | Ammonia | The NIOSH Pocket Guide to Chemical Hazards is intended as a source of general industrial hygiene information on several hundred chemicals/classes for workers, employers, and occupational health profes... | URL: https://www.cdc.gov/niosh/npg/npgd0028.html"
227,"Negligible (NTP, 1992)",,,,,CAMEO Chemicals | ANTHRANILIC ACID | CAMEO Chemicals is a chemical database designed for people who are involved in hazardous material incident response and planning. CAMEO Chemicals contains a library with thousands of datasheets contai... | URL: https://cameochemicals.noaa.gov/chemical/19826
227,0.000278 [mmHg],0.000278,mmHg,,,"Haz-Map, Information on Hazardous Chemicals and Occupational Diseases | Anthranilic acid | Haz-Map® is an occupational health database designed for health and safety professionals and for consumers seeking information about the adverse effects of workplace exposures to chemical and biologic... | URL: https://haz-map.com/Agents/3712"
227,"Vapor pressure, Pa at 52.6Â °C: 0.1",0.1,Pa,,,ILO-WHO International Chemical Safety Cards (ICSCs) | ANTHRANILIC ACID | The International Chemical Safety Cards (ICSCs) are data sheets intended to provide essential safety and health information on chemicals in a clear and concise way. The primary aim of the Cards is to ... | URL: https://chemicalsafety.ilo.org/dyn/icsc/showcard.display?p_card_id=1295
234,"Vapor pressure, kPa at 15Â °C: 1.3",1.3,kPa,,,ILO-WHO International Chemical Safety Cards (ICSCs) | ARSENIC ACID (80% in water) | The International Chemical Safety Cards (ICSCs) are data sheets intended to provide essential safety and health information on chemicals in a clear and concise way. The primary aim of the Cards is to ... | URL: https://chemicalsafety.ilo.org/dyn/icsc/showcard.display?p_card_id=1625
239,0.00000005 [mmHg],0.00000005,mmHg,,,"Haz-Map, Information on Hazardous Chemicals and Occupational Diseases | beta-Alanine | Haz-Map® is an occupational health database designed for health and safety professionals and for consumers seeking information about the adverse effects of workplace exposures to chemical and biologic... | URL: https://haz-map.com/Agents/12297"
240,"1 mmHg at 79.2 °F ; 5 mmHg at 122.2 °F; 10 mmHg at 144 °F (NTP, 1992)",1,mmHg,79.2°F,1 mmHg,CAMEO Chemicals | BENZALDEHYDE | CAMEO Chemicals is a chemical database designed for people who are involved in hazardous material incident response and planning. CAMEO Chemicals contains a library with thousands of datasheets contai... | URL: https://cameochemicals.noaa.gov/chemical/216
240,0.12 [mmHg],0.12,mmHg,,,"Haz-Map, Information on Hazardous Chemicals and Occupational Diseases | Benzaldehyde | Haz-Map® is an occupational health database designed for health and safety professionals and for consumers seeking information about the adverse effects of workplace exposures to chemical and biologic... | URL: https://haz-map.com/Agents/1884"
240,1.27 mm Hg at 25 °C,1.27,mm Hg,25°C,,"Hazardous Substances Data Bank (HSDB) | BENZALDEHYDE | The Hazardous Substances Data Bank (HSDB) is a toxicology database that focuses on the toxicology of potentially hazardous chemicals. It provides information on human exposure, industrial hygiene, eme... | URL: https://pubchem.ncbi.nlm.nih.gov/source/hsdb/388"
240,"Vapor pressure, Pa at 26Â °C: 133",133,Pa,,,ILO-WHO International Chemical Safety Cards (ICSCs) | BENZALDEHYDE | The International Chemical Safety Cards (ICSCs) are data sheets intended to provide essential safety and health information on chemicals in a clear and concise way. The primary aim of the Cards is to ... | URL: https://chemicalsafety.ilo.org/dyn/icsc/showcard.display?p_card_id=0102
241,"60 mmHg at 59 °F ; 76 mmHg at 68 °F (NTP, 1992)",60,mmHg,59°F,60 mmHg,CAMEO Chemicals | BENZENE | CAMEO Chemicals is a chemical database designed for people who are involved in hazardous material incident response and planning. CAMEO Chemicals contains a library with thousands of datasheets contai... | URL: https://cameochemicals.noaa.gov/chemical/2577
241,94.8 [mmHg],94.8,mmHg,,,"Haz-Map, Information on Hazardous Chemicals and Occupational Diseases | Benzene | Haz-Map® is an occupational health database designed for health and safety professionals and for consumers seeking information about the adverse effects of workplace exposures to chemical and biologic... | URL: https://haz-map.com/Agents/5"
241,94.8 mm Hg at 25 °C,94.8,mm Hg,25°C,,"Hazardous Substances Data Bank (HSDB) | BENZENE | The Hazardous Substances Data Bank (HSDB) is a toxicology database that focuses on the toxicology of potentially hazardous chemicals. It provides information on human exposure, industrial hygiene, eme... | URL: https://pubchem.ncbi.nlm.nih.gov/source/hsdb/35"
241,"Vapor pressure, kPa at 20Â °C: 10",10,kPa,,,ILO-WHO International Chemical Safety Cards (ICSCs) | BENZENE | The International Chemical Safety Cards (ICSCs) are data sheets intended to provide essential safety and health information on chemicals in a clear and concise way. The primary aim of the Cards is to ... | URL: https://chemicalsafety.ilo.org/dyn/icsc/showcard.display?p_card_id=0015
241,75 mmHg,75,mmHg,,,"Occupational Safety and Health Administration (OSHA) | BENZENE | The OSHA Occupational Chemical Database contains over 800 entries with information such as physical properties, exposure guidelines, etc. | URL: https://www.osha.gov/chemicaldata/491"
241,75 mmHg,75,mmHg,,,"The National Institute for Occupational Safety and Health (NIOSH) | Benzene | The NIOSH Pocket Guide to Chemical Hazards is intended as a source of general industrial hygiene information on several hundred chemicals/classes for workers, employers, and occupational health profes... | URL: https://www.cdc.gov/niosh/npg/npgd0049.html"
243,"1 mmHg at 205 °F (NTP, 1992)",1,mmHg,205°F,1 mmHg,CAMEO Chemicals | BENZOIC ACID | CAMEO Chemicals is a chemical database designed for people who are involved in hazardous material incident response and planning. CAMEO Chemicals contains a library with thousands of datasheets contai... | URL: https://cameochemicals.noaa.gov/chemical/2585
243,0.00083 [mmHg],0.00083,mmHg,,,"Haz-Map, Information on Hazardous Chemicals and Occupational Diseases | Benzoic acid | Haz-Map® is an occupational health database designed for health and safety professionals and for consumers seeking information about the adverse effects of workplace exposures to chemical and biologic... | URL: https://haz-map.com/Agents/1883"
243,7.0X10-4 mm Hg at 25 °C,7.0e-4,mm Hg,25°C,,"Hazardous Substances Data Bank (HSDB) | BENZOIC ACID | The Hazardous Substances Data Bank (HSDB) is a toxicology database that focuses on the toxicology of potentially hazardous chemicals. It provides information on human exposure, industrial hygiene, eme... | URL: https://pubchem.ncbi.nlm.nih.gov/source/hsdb/704"
243,"Vapor pressure, Pa at 25Â °C: 0.1",0.1,Pa,,,ILO-WHO International Chemical Safety Cards (ICSCs) | BENZOIC ACID | The International Chemical Safety Cards (ICSCs) are data sheets intended to provide essential safety and health information on chemicals in a clear and concise way. The primary aim of the Cards is to ... | URL: https://chemicalsafety.ilo.org/dyn/icsc/showcard.display?p_card_id=0103
244,"0.1 mmHg at 68 °F ; 1 mmHg at 136 °F (NTP, 1992)",0.1,mmHg,68°F,0.1 mmHg,CAMEO Chemicals | BENZYL ALCOHOL | CAMEO Chemicals is a chemical database designed for people who are involved in hazardous material incident response and planning. CAMEO Chemicals contains a library with thousands of datasheets contai... | URL: https://cameochemicals.noaa.gov/chemical/8317
244,0.09 [mmHg],0.09,mmHg,,,"Haz-Map, Information on Hazardous Chemicals and Occupational Diseases | Benzyl alcohol | Haz-Map® is an occupational health database designed for health and safety professionals and for consumers seeking information about the adverse effects of workplace exposures to chemical and biologic... | URL: https://haz-map.com/Agents/1267"
244,0.094 mm Hg at 25 °C,0.094,mm Hg,25°C,,"Hazardous Substances Data Bank (HSDB) | BENZYL ALCOHOL | The Hazardous Substances Data Bank (HSDB) is a toxicology database that focuses on the toxicology of potentially hazardous chemicals. It provides information on human exposure, industrial hygiene, eme... | URL: https://pubchem.ncbi.nlm.nih.gov/source/hsdb/46"
244,"Vapor pressure, Pa at 20Â °C: 13.2",13.2,Pa,,,ILO-WHO International Chemical Safety Cards (ICSCs) | BENZYL ALCOHOL | The International Chemical Safety Cards (ICSCs) are data sheets intended to provide essential safety and health information on chemicals in a clear and concise way. The primary aim of the Cards is to ... | URL: https://chemicalsafety.ilo.org/dyn/icsc/showcard.display?p_card_id=0833
244,0.1 mmHg@68 °F,0.1,mmHg,,,"Occupational Safety and Health Administration (OSHA) | BENZYL ALCOHOL | The OSHA Occupational Chemical Database contains over 800 entries with information such as physical properties, exposure guidelines, etc. | URL: https://www.osha.gov/chemicaldata/36"
247,0.00000053 [mmHg],0.00000053,mmHg,,,"Haz-Map, Information on Hazardous Chemicals and Occupational Diseases | Betaine | Haz-Map® is an occupational health database designed for health and safety professionals and for consumers seeking information about the adverse effects of workplace exposures to chemical and biologic... | URL: https://haz-map.com/Agents/3916"
260,"20 atm (NIOSH, 2024)",20,atm,,,"CAMEO Chemicals | HYDROGEN BROMIDE, ANHYDROUS | CAMEO Chemicals is a chemical database designed for people who are involved in hazardous material incident response and planning. CAMEO Chemicals contains a library with thousands of datasheets contai... | URL: https://cameochemicals.noaa.gov/chemical/886"
260,"18,410 mm Hg at 25 °C",,,,,"Hazardous Substances Data Bank (HSDB) | Hydrogen bromide | The Hazardous Substances Data Bank (HSDB) is a toxicology database that focuses on the toxicology of potentially hazardous chemicals. It provides information on human exposure, industrial hygiene, eme... | URL: https://pubchem.ncbi.nlm.nih.gov/source/hsdb/570"
260,"Vapor pressure, kPa at 20Â °C: 2445",2445,kPa,,,ILO-WHO International Chemical Safety Cards (ICSCs) | HYDROGEN BROMIDE | The International Chemical Safety Cards (ICSCs) are data sheets intended to provide essential safety and health information on chemicals in a clear and concise way. The primary aim of the Cards is to ... | URL: https://chemicalsafety.ilo.org/dyn/icsc/showcard.display?p_card_id=0282
260,20 atm,20,atm,,,"Occupational Safety and Health Administration (OSHA) | HYDROGEN BROMIDE | The OSHA Occupational Chemical Database contains over 800 entries with information such as physical properties, exposure guidelines, etc. | URL: https://www.osha.gov/chemicaldata/10"
260,20 atm,20,atm,,,"The National Institute for Occupational Safety and Health (NIOSH) | Hydrogen bromide | The NIOSH Pocket Guide to Chemical Hazards is intended as a source of general industrial hygiene information on several hundred chemicals/classes for workers, employers, and occupational health profes... | URL: https://www.cdc.gov/niosh/npg/npgd0331.html"
261,"91.5 mmHg at 68 °F (NTP, 1992)",91.5,mmHg,68°F,91.5 mmHg,CAMEO Chemicals | BUTYRALDEHYDE | CAMEO Chemicals is a chemical database designed for people who are involved in hazardous material incident response and planning. CAMEO Chemicals contains a library with thousands of datasheets contai... | URL: https://cameochemicals.noaa.gov/chemical/291
261,111.0 [mmHg],111.0,mmHg,,,"Haz-Map, Information on Hazardous Chemicals and Occupational Diseases | Butyraldehyde | Haz-Map® is an occupational health database designed for health and safety professionals and for consumers seeking information about the adverse effects of workplace exposures to chemical and biologic... | URL: https://haz-map.com/Agents/96"
261,111 mm Hg at 25 °C,111,mm Hg,25°C,,"Hazardous Substances Data Bank (HSDB) | BUTYRALDEHYDE | The Hazardous Substances Data Bank (HSDB) is a toxicology database that focuses on the toxicology of potentially hazardous chemicals. It provides information on human exposure, industrial hygiene, eme... | URL: https://pubchem.ncbi.nlm.nih.gov/source/hsdb/2798"
261,"Vapor pressure, kPa at 20Â °C: 12.2",12.2,kPa,,,ILO-WHO International Chemical Safety Cards (ICSCs) | BUTYRALDEHYDE | The International Chemical Safety Cards (ICSCs) are data sheets intended to provide essential safety and health information on chemicals in a clear and concise way. The primary aim of the Cards is to ... | URL: https://chemicalsafety.ilo.org/dyn/icsc/showcard.display?p_card_id=0403
262,0.24 [mmHg],0.24,mmHg,,,"Haz-Map, Information on Hazardous Chemicals and Occupational Diseases | 2,3-Butanediol | Haz-Map® is an occupational health database designed for health and safety professionals and for consumers seeking information about the adverse effects of workplace exposures to chemical and biologic... | URL: https://haz-map.com/Agents/2960"
262,0.243 mm Hg at 25 °C,0.243,mm Hg,25°C,,"Hazardous Substances Data Bank (HSDB) | 2,3-Butanediol | The Hazardous Substances Data Bank (HSDB) is a toxicology database that focuses on the toxicology of potentially hazardous chemicals. It provides information on human exposure, industrial hygiene, eme... | URL: https://pubchem.ncbi.nlm.nih.gov/source/hsdb/1505"
263,"15.51 mmHg (USCG, 1999)",15.51,mmHg,,,CAMEO Chemicals | N-BUTYL ALCOHOL | CAMEO Chemicals is a chemical database designed for people who are involved in hazardous material incident response and planning. CAMEO Chemicals contains a library with thousands of datasheets contai... | URL: https://cameochemicals.noaa.gov/chemical/277
263,7.0 [mmHg],7.0,mmHg,,,"Haz-Map, Information on Hazardous Chemicals and Occupational Diseases | n-Butyl alcohol | Haz-Map® is an occupational health database designed for health and safety professionals and for consumers seeking information about the adverse effects of workplace exposures to chemical and biologic... | URL: https://haz-map.com/Agents/325"
263,7.0 mm Hg at 25 °C,7.0,mm Hg,25°C,,"Hazardous Substances Data Bank (HSDB) | N-BUTYL ALCOHOL | The Hazardous Substances Data Bank (HSDB) is a toxicology database that focuses on the toxicology of potentially hazardous chemicals. It provides information on human exposure, industrial hygiene, eme... | URL: https://pubchem.ncbi.nlm.nih.gov/source/hsdb/48"
263,"Vapor pressure, kPa at 20Â °C: 0.67",0.67,kPa,,,ILO-WHO International Chemical Safety Cards (ICSCs) | 1-BUTANOL | The International Chemical Safety Cards (ICSCs) are data sheets intended to provide essential safety and health information on chemicals in a clear and concise way. The primary aim of the Cards is to ... | URL: https://chemicalsafety.ilo.org/dyn/icsc/showcard.display?p_card_id=0111
263,15.51 mmHg,15.51,mmHg,,,"Occupational Safety and Health Administration (OSHA) | N-BUTYL ALCOHOL (N-BUTANOL) | The OSHA Occupational Chemical Database contains over 800 entries with information such as physical properties, exposure guidelines, etc. | URL: https://www.osha.gov/chemicaldata/490"
263,6 mmHg,6,mmHg,,,"The National Institute for Occupational Safety and Health (NIOSH) | n-Butyl alcohol | The NIOSH Pocket Guide to Chemical Hazards is intended as a source of general industrial hygiene information on several hundred chemicals/classes for workers, employers, and occupational health profes... | URL: https://www.cdc.gov/niosh/npg/npgd0076.html"
264,"0.43 mmHg at 68 °F ; 1.4 mmHg at 86 °F (NTP, 1992)",0.43,mmHg,68°F,0.43 mmHg,CAMEO Chemicals | BUTYRIC ACID | CAMEO Chemicals is a chemical database designed for people who are involved in hazardous material incident response and planning. CAMEO Chemicals contains a library with thousands of datasheets contai... | URL: https://cameochemicals.noaa.gov/chemical/2749
264,1.65 [mmHg],1.65,mmHg,,,"Haz-Map, Information on Hazardous Chemicals and Occupational Diseases | Butyric acid | Haz-Map® is an occupational health database designed for health and safety professionals and for consumers seeking information about the adverse effects of workplace exposures to chemical and biologic... | URL: https://haz-map.com/Agents/1391"
264,1.65 mm Hg at 25 °C,1.65,mm Hg,25°C,,"Hazardous Substances Data Bank (HSDB) | n-BUTYRIC ACID | The Hazardous Substances Data Bank (HSDB) is a toxicology database that focuses on the toxicology of potentially hazardous chemicals. It provides information on human exposure, industrial hygiene, eme... | URL: https://pubchem.ncbi.nlm.nih.gov/source/hsdb/940"
264,"Vapor pressure, Pa at 20Â °C: 57",57,Pa,,,ILO-WHO International Chemical Safety Cards (ICSCs) | BUTYRIC ACID | The International Chemical Safety Cards (ICSCs) are data sheets intended to provide essential safety and health information on chemicals in a clear and concise way. The primary aim of the Cards is to ... | URL: https://chemicalsafety.ilo.org/dyn/icsc/showcard.display?p_card_id=1334
273,1.01 [mmHg],1.01,mmHg,,,"Haz-Map, Information on Hazardous Chemicals and Occupational Diseases | Cadaverine | Haz-Map® is an occupational health database designed for health and safety professionals and for consumers seeking information about the adverse effects of workplace exposures to chemical and biologic... | URL: https://haz-map.com/Agents/19284"
280,"56.5 atm (NIOSH, 2024)",56.5,atm,,,CAMEO Chemicals | CARBON DIOXIDE | CAMEO Chemicals is a chemical database designed for people who are involved in hazardous material incident response and planning. CAMEO Chemicals contains a library with thousands of datasheets contai... | URL: https://cameochemicals.noaa.gov/chemical/330
280,"56.5 atm (NIOSH, 2024)",56.5,atm,,,"CAMEO Chemicals | CARBON DIOXIDE, REFRIGERATED LIQUID | CAMEO Chemicals is a chemical database designed for people who are involved in hazardous material incident response and planning. CAMEO Chemicals contains a library with thousands of datasheets contai... | URL: https://cameochemicals.noaa.gov/chemical/333"
280,"56.5 atm (NIOSH, 2024)",56.5,atm,,,"CAMEO Chemicals | CARBON DIOXIDE, SOLID | CAMEO Chemicals is a chemical database designed for people who are involved in hazardous material incident response and planning. CAMEO Chemicals contains a library with thousands of datasheets contai... | URL: https://cameochemicals.noaa.gov/chemical/334"
280,Vapor pressure = 10.5 mm Hg at -120 °C; 104.2 mm Hg at -100 °C; 569.1 mm Hg at -82 °C,,,,,"Hazardous Substances Data Bank (HSDB) | Carbon dioxide | The Hazardous Substances Data Bank (HSDB) is a toxicology database that focuses on the toxicology of potentially hazardous chemicals. It provides information on human exposure, industrial hygiene, eme... | URL: https://pubchem.ncbi.nlm.nih.gov/source/hsdb/516"
280,4.83X10+4 mm Hg at 25 °C,4.83e+4,mm Hg,25°C,,"Hazardous Substances Data Bank (HSDB) | Carbon dioxide | The Hazardous Substances Data Bank (HSDB) is a toxicology database that focuses on the toxicology of potentially hazardous chemicals. It provides information on human exposure, industrial hygiene, eme... | URL: https://pubchem.ncbi.nlm.nih.gov/source/hsdb/516"
280,"Vapor pressure, kPa at 20Â °C: 5720",5720,kPa,,,ILO-WHO International Chemical Safety Cards (ICSCs) | CARBON DIOXIDE | The International Chemical Safety Cards (ICSCs) are data sheets intended to provide essential safety and health information on chemicals in a clear and concise way. The primary aim of the Cards is to ... | URL: https://chemicalsafety.ilo.org/dyn/icsc/showcard.display?p_card_id=0021
280,56.5 atm,56.5,atm,,,"Occupational Safety and Health Administration (OSHA) | CARBON DIOXIDE | The OSHA Occupational Chemical Database contains over 800 entries with information such as physical properties, exposure guidelines, etc. | URL: https://www.osha.gov/chemicaldata/183"
280,56.5 atm,56.5,atm,,,"The National Institute for Occupational Safety and Health (NIOSH) | Carbon dioxide | The NIOSH Pocket Guide to Chemical Hazards is intended as a source of general industrial hygiene information on several hundred chemicals/classes for workers, employers, and occupational health profes... | URL: https://www.cdc.gov/niosh/npg/npgd0103.html"
281,"greater than 35 atm (NIOSH, 2024)",,,,,CAMEO Chemicals | CARBON MONOXIDE | CAMEO Chemicals is a chemical database designed for people who are involved in hazardous material incident response and planning. CAMEO Chemicals contains a library with thousands of datasheets contai... | URL: https://cameochemicals.noaa.gov/chemical/335
281,"greater than 35 atm (NIOSH, 2024)",,,,,"CAMEO Chemicals | CARBON MONOXIDE, REFRIGERATED LIQUID (CRYOGENIC LIQUID) | CAMEO Chemicals is a chemical database designed for people who are involved in hazardous material incident response and planning. CAMEO Chemicals contains a library with thousands of datasheets contai... | URL: https://cameochemicals.noaa.gov/chemical/336"
281,1.55X10+8 mm Hg at 25 °C,1.55e+8,mm Hg,25°C,,"Hazardous Substances Data Bank (HSDB) | Carbon monoxide | The Hazardous Substances Data Bank (HSDB) is a toxicology database that focuses on the toxicology of potentially hazardous chemicals. It provides information on human exposure, industrial hygiene, eme... | URL: https://pubchem.ncbi.nlm.nih.gov/source/hsdb/903"
281,>35 atm,,,,,"Occupational Safety and Health Administration (OSHA) | CARBON MONOXIDE (and CO by COHb) | The OSHA Occupational Chemical Database contains over 800 entries with information such as physical properties, exposure guidelines, etc. | URL: https://www.osha.gov/chemicaldata/462"
281,>35 atm,,,,,"The National Institute for Occupational Safety and Health (NIOSH) | Carbon monoxide | The NIOSH Pocket Guide to Chemical Hazards is intended as a source of general industrial hygiene information on several hundred chemicals/classes for workers, employers, and occupational health profes... | URL: https://www.cdc.gov/niosh/npg/npgd0105.html"
284,"35 mmHg at 68 °F ; 200 mmHg at 142.5 °F (NTP, 1992)",35,mmHg,68°F,35 mmHg,CAMEO Chemicals | FORMIC ACID | CAMEO Chemicals is a chemical database designed for people who are involved in hazardous material incident response and planning. CAMEO Chemicals contains a library with thousands of datasheets contai... | URL: https://cameochemicals.noaa.gov/chemical/3513
284,42.6 [mmHg],42.6,mmHg,,,"Haz-Map, Information on Hazardous Chemicals and Occupational Diseases | Formic acid | Haz-Map® is an occupational health database designed for health and safety professionals and for consumers seeking information about the adverse effects of workplace exposures to chemical and biologic... | URL: https://haz-map.com/Agents/497"
284,42.59 mm Hg at 25 °C /Extrapolated/,42.59,mm Hg,25°C,Extrapolated,"Hazardous Substances Data Bank (HSDB) | FORMIC ACID | The Hazardous Substances Data Bank (HSDB) is a toxicology database that focuses on the toxicology of potentially hazardous chemicals. It provides information on human exposure, industrial hygiene, eme... | URL: https://pubchem.ncbi.nlm.nih.gov/source/hsdb/1646"
284,"Vapor pressure, kPa at 20Â °C: 4.6",4.6,kPa,,,ILO-WHO International Chemical Safety Cards (ICSCs) | FORMIC ACID | The International Chemical Safety Cards (ICSCs) are data sheets intended to provide essential safety and health information on chemicals in a clear and concise way. The primary aim of the Cards is to ... | URL: https://chemicalsafety.ilo.org/dyn/icsc/showcard.display?p_card_id=0485
284,35 mmHg,35,mmHg,,,"Occupational Safety and Health Administration (OSHA) | FORMIC ACID | The OSHA Occupational Chemical Database contains over 800 entries with information such as physical properties, exposure guidelines, etc. | URL: https://www.osha.gov/chemicaldata/468"
284,35 mmHg,35,mmHg,,,"The National Institute for Occupational Safety and Health (NIOSH) | Formic acid | The NIOSH Pocket Guide to Chemical Hazards is intended as a source of general industrial hygiene information on several hundred chemicals/classes for workers, employers, and occupational health profes... | URL: https://www.cdc.gov/niosh/npg/npgd0296.html"
289,"5 mmHg at 219 °F ; 10 mmHg at 244.9 °F (NTP, 1992)",5,mmHg,219°F,5 mmHg,CAMEO Chemicals | CATECHOL | CAMEO Chemicals is a chemical database designed for people who are involved in hazardous material incident response and planning. CAMEO Chemicals contains a library with thousands of datasheets contai... | URL: https://cameochemicals.noaa.gov/chemical/8407
289,0.03 [mmHg],0.03,mmHg,,,"Haz-Map, Information on Hazardous Chemicals and Occupational Diseases | Catechol | Haz-Map® is an occupational health database designed for health and safety professionals and for consumers seeking information about the adverse effects of workplace exposures to chemical and biologic... | URL: https://haz-map.com/Agents/346"
289,VP: 10 mm Hg at 118.3 °C,,,,,"Hazardous Substances Data Bank (HSDB) | CATECHOL | The Hazardous Substances Data Bank (HSDB) is a toxicology database that focuses on the toxicology of potentially hazardous chemicals. It provides information on human exposure, industrial hygiene, eme... | URL: https://pubchem.ncbi.nlm.nih.gov/source/hsdb/1436"
289,3X10-2 mm Hg at 20 °C (extrapolated),3e-2,mm Hg,20°C,,"Hazardous Substances Data Bank (HSDB) | CATECHOL | The Hazardous Substances Data Bank (HSDB) is a toxicology database that focuses on the toxicology of potentially hazardous chemicals. It provides information on human exposure, industrial hygiene, eme... | URL: https://pubchem.ncbi.nlm.nih.gov/source/hsdb/1436"
289,"Vapor pressure, Pa at 20Â °C: 3 (negligible)",,,,,ILO-WHO International Chemical Safety Cards (ICSCs) | CATECHOL | The International Chemical Safety Cards (ICSCs) are data sheets intended to provide essential safety and health information on chemicals in a clear and concise way. The primary aim of the Cards is to ... | URL: https://chemicalsafety.ilo.org/dyn/icsc/showcard.display?p_card_id=0411
289,10 mmHg at 245 °F,10,mmHg,245°F,10 mmHg,"Occupational Safety and Health Administration (OSHA) | CATECHOL | The OSHA Occupational Chemical Database contains over 800 entries with information such as physical properties, exposure guidelines, etc. | URL: https://www.osha.gov/chemicaldata/160"
289,(244 °F): 10 mmHg,,,,,"The National Institute for Occupational Safety and Health (NIOSH) | Catechol | The NIOSH Pocket Guide to Chemical Hazards is intended as a source of general industrial hygiene information on several hundred chemicals/classes for workers, employers, and occupational health profes... | URL: https://www.cdc.gov/niosh/npg/npgd0109.html"
