query,CASRN,name,IUPAC_name,molecular_formula,SMILES,canonical_smiles,InChI,InChIKey,DTXSID,molecular_mass,Synonyms,foundby,source,match_score,consensus_source,source_match_scores
"1,1,1,2-Tetrachloroethane",630-20-6,"1,1,1,2-tetrachloroethane","1,1,1,2-tetrachloroethane",C2H2Cl4,ClCC(Cl)(Cl)Cl,ClCC(Cl)(Cl)Cl,"InChI=1S/C2H2Cl4/c3-1-2(4,5)6/h1H2",QVLAWKAXOMEXPM-UHFFFAOYSA-N,DTXSID2021317,167.85,"1,1,1,2-tetrachlorethane;1,1,1,2-Tetrachloraethan;1,1,1,2-Tetrachloroethane",name,ChEBI,1.0,ChEBI,"{'ChEBI': 1.0, 'CompTox': 1.0, 'PubChemID': 1.0, 'ZeroPM': 1.0}"
"1,1,1-Trichloroethane",71-55-6,"1,1,1-trichloroethane","1,1,1-trichloroethane",C2H3Cl3,CC(Cl)(Cl)Cl,CC(Cl)(Cl)Cl,"InChI=1S/C2H3Cl3/c1-2(3,4)5/h1H3",UOCLXMDMGBRAIB-UHFFFAOYSA-N,DTXSID0021381,133.405,"1,1,1-TCE;1,1,1-trichlorethane;trichloro-1,1,1-ethane;methylchloroform;Methylchloroform;alpha-T;methyltrichloromethane;alpha-trichloroethane;1,1,1-Trichloraethan",name,ChEBI,0.9917,ChEBI,"{'ChEBI': 1.0, 'CompTox': 1.0, 'PubChemID': 1.0, 'ZeroPM': 1.0, 'ChEMBL': 0.9583}"
"1,1,2,2-Tetrachloroethane",79-34-5,"1,1,2,2-tetrachloroethane","1,1,2,2-tetrachloroethane",C2H2Cl4,ClC(Cl)C(Cl)Cl,ClC(Cl)C(Cl)Cl,InChI=1S/C2H2Cl4/c3-1(4)2(5)6/h1-2H,QPFMBZIOSGYJDE-UHFFFAOYSA-N,DTXSID7021318,167.85,"1,1,2,2-tetrachlorethane;1,1-dichloro-2,2-dichloroethane;Tetrachloroethane;1,1,2,2-Tetrachloraethan;s-Tetrachloroethane;sym-Tetrachloroethane;acetylene tetrachloride",name,ChEBI,1.0,ChEBI,"{'ChEBI': 1.0, 'CompTox': 1.0, 'PubChemID': 1.0, 'ZeroPM': 1.0, 'ChEMBL': 1.0}"
"1,1,2-Trichloroethane",79-00-5,"1,1,2-trichloroethane","1,1,2-trichloroethane",C2H3Cl3,ClCC(Cl)Cl,ClCC(Cl)Cl,"InChI=1S/C2H3Cl3/c3-1-2(4)5/h2H,1H2",UBOXGVDOUJQMTN-UHFFFAOYSA-N,DTXSID5021380,133.405,"beta-trichloroethane;1,2,2-trichloroethane;1,1,2-Trichloraethan;1,1,2-trichlorethane;beta-T",name,ChEBI,1.0,ChEBI,"{'ChEBI': 1.0, 'CompTox': 1.0, 'PubChemID': 1.0, 'ZeroPM': 1.0}"
"1,1,2-Trichlorotrifluoroethane",39349-94-5,"1,1,2-Trichloro-1,2,2-trifluoroethane","1,1,2-Trichloro-1,2,2-trifluoroethane",C2Cl3F3,FC(F)(Cl)C(F)(Cl)Cl,FC(F)(Cl)C(F)(Cl)Cl,"InChI=1S/C2Cl3F3/c3-1(4,6)2(5,7)8",AJDIZQLSFPQPEY-UHFFFAOYSA-N,DTXSID6021377,187.37,"76-13-1; 39349-94-5; 56996-61-3; 57762-34-2; 59948-56-0; 1,1,2-Trichloro-1,2,2-trifluoroethane; Ethane, 1,1,2-trichloro-1,2,2-trifluoro-; 1,1,2 TRICHLORO, 1,2,2 TRIFLUOROETHANE; 1,1,2-TRICHLOR-1,2,2-TRIFLUOR-AETHAN; 1,1,2-Trichloro-1,2,2-trifluoro, ethane; 1,1,2-Trichloro-1,2,2-trifluroethane; 1,1,2-Trichlorotrifluoroethane; 1,1,2-Trichlortrifluorethan; 1,1,2-Tricloro-1,2,2-trifluoretano (CFC-113); 1,1,2-triclorotrifluoroetano; 1,1,2-Trifluoro-1,2,2-trichloroethane; 1,1,2-Trifluorotrichloroethane; 1,2,2-Trichlorotrifluoroethane; Arklone P; Asahifron 113; Daiflon 113; Daiflon S 3; Delifrene 113; Delifrene LS; ETHANE, 1,1,2-TRICHLOROTRIFLUORO-; ETHANE, TRICHLOROTRIFLUORO; Fluorocarbon 113; Freon 113TR-T; Freon TF; Freon TS; Fridohna; Frigen 113A; Frigen 113TR; Frigen 113TR-N; Frigen 113TR-T; Fronsolve 113; Fronsolve AD 9; Genetron 113; Khladon 113; Refrigerant 113; Refrigerant R 113; Trichlorotrifluoroethane; 1,1,2-Trichloro-1,2,2-trifluoroethane; Ethane, 1,1,2-trichloro-1,2,2-trifluoro-; CFC-113; R 113; BRN 1740335; Chlorofluorocarbon 113; EINECS 200-936-1; Flugene 113; Freon R 113; Frigen 113 TR-T; Genesolv D; Halocarbon 113; Kaiser chemicals 11; Kaltron 113MDR; Propellant 113; Ucon fluorocarbon 113; UNII-0739N04X3A; TCTFE; Freon 113; 1,1,2-Trichloro-1,2,2-trifluoroethane, technical grade; 1,1,2-Trichloro-1,2,2-trifluoroethane (CFC-113); Ethane, 1,1,2-trichloro-1,2,2-trifluoro-; 1,1,2-Trichloro-1,2,2-trifluoroethane; Trichloro-1,2,2-trifluoroethane, 1,1,2-; 1,1,2-TRICHLOROTRIFLUOROETHANE; CFC-113; Trichloro-1,2,2-trifluoroethane, 1,1,2; 1,1,2-Trichloro-1,2,2-trifluoro-ethane; Freon 113 [Ethane, 1,1,2-trichloro-1,2,2,-trifluoro-]; trichlorotrifluoroethane (Freon 113); 1, 1, 2 - TRICHLORO - 1, 2, 2 - TRIFLUOROETHANE; 1,1,2-Trichloro 1,2,2-trifluoroethane; Genetron 113; Halocarbon 113; Refrigerant 113; Trichlorotrifluoroethane; Freon 113; ""1,1,2-Trichlorotrifluoroethane""; ethane_ 1_1_2-trichloro-1_2_2-trifluoro-_; 1_1_2-trichloro-1_2_2-trifluoroethane (freon 113)  (sara iii); ethane_ 1_1_2-trichloro-1_2_2-trifluoro_ (1_1_2-trichloro- 1_2_2-trifluoroethane) (sara iii); trichlorotrifluoroethane_ (1_1_2-trichloro-1_2_2-trifluoroethane); trichlorotrifluoroethane_ (1_ 1_ 2-trichloro-1_ 2_ 2-trifluoroethane); ethane_1_1_2-trichloro-1_2_2-trifluoro-_ (trichlorotrifluoroethane); ethane_ 1_1_2-trichloro- 1_2_2-trifluoro-_ (trichlorotrifluoroethane); ethane_ 1_1_2-trichloro-1_2_2-trifluoro_      (sara iii) (1_1_2-trichloro-1_2_2-trifluoroethane) (freon 113); ethane_ 1_1_2-trichloro-1_2_2-trifluoro-_ (trichlorotrifluoroethane); freon 113_ 1_1_2_-trichloro-1_2_2_-trifluoroethane_ trichlorotrifluroethane; ethane_1_1_2-trichloro-1_2_2-trifluoro-_ (trichlorotrifluoroethane). ld50:(oral_rat)43_000 mg/kg; 1_1_2-trichloro-1_2_2-trifluoroethane (freon 113)_; ethane_ 1_1_2-trichloro-1_2_2-trifluoro- (sara iii)_ (fluorocarbon solvents); 1_1_2-trichloro-1_2_2-trifluoroethane (freon 113)  (sara iii). ld50:(oral rat) 43000 mg/kg; 1_1_2-trichloro-1_2_2-trifluoroethane (freon 113) (sara iii); 1_1_2-trichloro-1_2_2-trifluoroethane; ethane 1_1_2-ethane_ 1_1_2-trichloro-1_2_2-trifluoro-(trichlorotrifluoroethane); ethane_1_1_2-trichloro-1_2_2-trifluoro-_ (trichlorotrifluoroethane). ld50: (oral_ rat) 43_ 000 mg/kg.; ethane_ 1_1_2-trichloro 1_2_2-trifluoro-_ (trichlorotrifluoroethane). vp: 100; 1_1_2-trichloro-1_2_2-trifluoroethane_ (t 180) (sara iii); 1_1_2-trichloro-2_2_1-trifluoroethane; 1_1_2-trichloro-1_2_2-trifluoroethane (freon tf).bp:117.6f_47.6c.vapor press:334 mmhg at 77f_25c.vap density:6.5_air=1.; 1_1_2-trichloro-1_2_2-trifluoroethane (freon tf).bp:117.6f_47.6c.vapor pressure:334 mmhg.vapor density:6.5_air=1.; 1_1_2-trichloro-1_2_2-trifluoroethane.ld50 rat oral 43000 mg/kg.; freon tf-113 (sara iii); ethane_ 1_1_2-trichloro-1_2_2-trifluoro-; ethane_ 1_1_2-trichloro-1_2_2-trifluoro-_ (1_1_2-trichloro-1_2_2-trifluoroethane) (sara iii). ld50: (oral_rat) 43 g/kg.; ethane_ 1_1_2-trichloro-1_2_2-trifluoro-_ (freon tf-); ethane_1_1_2-trichloro-1_2_2-trifluoro-_ (cfcl3 (freon 118)); ethane_1_1_2-trichloro-1_2_2-trifluoro-_. ld50:(oral_rat)43_000 mg/kg; 1_1_2-trichloro-1_2_2-trifluoroethane (freon 113)  (sara iii). ld50 (oral rat) 43_000 mg/kg.; ethane_ 1_1_2-trichloro-1_2_2-trifluoro-_ (1_1_2-trichloro-1_2_2-trifluoroethane) (sara iii); ethane_1_1_2-trichloro-1_2_2-trifluoro-_(1_1_2-trichloro-1_2_2 -trifluoroethane); ethane_ 1_1_2-trichloro-1_2_2-trifluoro-_ (trichlorotrifluoroethane) (freon 113) (sara iii); ethane_ 1_1_2-trichloro-1_2_2-trifluoro-_ (trichlorotrifluoroethane) (sara iii); 1_1_2-trichloro-1_2_2-trifluoroethane_ (trichlorotrifluoroethane) (freon 113) (sara iii); 1_1_2-trichloro-1_2_2-trifluoroethane (freon 113)   (sara iii); 1_1_2-trichloro-1_2_2-trifluoroethane (freon 113) (sara 313); ethane_ 1_1_2-trichloro-1_2_2-trifluoro-_(trichlorotrifluoroethane) (freon 113) (sara iii); ethane_ 1_1_2-trichloro-1_2_2-trifluoro-_(1_1_2-trichloro-1_2_2-trifluoroethane); ethane_ 1_1_2-trichloro-1_2_2-trifluoro-_(trichlorotrifluoroethane) (sara iii); ethane_ 1_1_2-trichloro-1_2_2-trifluoro-_     (sara iii)(1_1_2-trichloro-1_2_2-trifluoroethane) (freon 113); freon 113_ 1_1_2_-trichloro-1_2_2_-trifluoroethane_trichlorotrifluroethane; 1_1_2-trichloro-1_2_2-trifluoroethane (freon 113)  (saraiii); 1_1_2-trichloro-1_2_2-trifluoroethane (freon 113) (saraiii); ethane_ 1_1_2-trichloro-1_2_2_-trifluoro-_(1_1_2-trichloro-1_2_2-trifluoroethane) (sara iii); 1_1_2-trichloro-1_2_2-trifluoroethane (freon 113)  (saraiii). bp:118f_48c.; trichlorotrifluoroethane (freon 113)  (sara iii); 1_1_2-trichloro-1_2_2-trifluoroethane (freon 113)   (saraiii); 1_1_2-trichloro-1_2_2-trifluoroethane (freon 113) (sara313); ethane 1_1_2-trichloro-1_2_2-trifluoro-_      (sara iii)(1_1_2-trichloro-1_2_2-trifluoroethane) (freon 113); 1_1_2-trichloro-1_2_2-trifluoroethane_(trichlorotrifluoroethane). ld50:(oral_rat)43000 mg/kg; 1_1_2-trichloro-1_2_2-trifluoroethane_(trichlorotrifluoroethane) (sara iii) ld50:(oral_ rat) 43_000mg/kg; ethane_ 1_1_2-trichloro-1_2_2-trifluoro-_(1_1_2-trichloro-1_2_2-trifluoroethane) (see ing 3); ethane_ 1_1_2-trichloro-1_2-2-trifluoro-_(1_1_2-trichloro-1_2_2-trifluoroethane) (sara iii); ethane_ 1_1_2-trichloro-1_2_2-trifluoro-_(1_1_2-trichloro-1_2_2-trifluoroethane_ (freon tf)) (sara iii); ethane_ 1_1_2-trichloro-1_2_2-trifluoro-_(1_1_2-trichloro-1_2_2-trifluoroethane. ld50:(oral_rat)43000 mg/kg); ethane_ 1_1_2-trichloro-1_2_2-trifluoro-_(1_1_2-trichloro-1_2_2-trifluoroethane) (sara iii); ethane_ 1_1_2-trichloro-1_2_2-trifluoro-_(trichlorotrifluoro ethane); ethane_1_1_2-trichloro-1_2_2-trifluoro-_      (sara iii)(1_1_2-trichloro-1_2_2-trifluoroethane) (freon 113); ethane_1_1_2-trichloro-1_2_2-trifluoro-_(1_1_2-trichloro-1_2_2-trifluoroethane); ethane_ 1_1_2-trichloro-1_2_2-trifluoro-_ (1_1_2-trichlorotrifluoroethane) (sara iii); ethane_ 1_1_2-trichloro-1_2_2-trifluoro-_ (1_1_2-trichlorotrifluoroethane) (freon tf)) (sara 313); ethane_1_1_2-trichloro-1_2_2-trifluoro-_ (1_1_2-trichloro-1_2_2-trifluoroethane) (freon 113) (sara 313); ethane_ 1_1_2-trichloro-1_2_2-trifluoro-_ (trichlorotrifluoroethane) (sara 313); freon 113_ 1_1_2_-trichloro-1_2_2_-trifluoroethane_ trichlorotrifluroethane *95-1*; ethane_1_1_2-trichloro-1_2_2-trifluoro-_(1_1_2-trichlorotriflu oromethane) (freon 113) (sara 313); ethane_1_1_2-trichloro-1_2_2-trifluoro-_ (1_1_2-trichloro-1_2_2-trifluoroethane) vp 334 @ 25c; ethane_ 1_1_2-trichloro-1_2_2-trifluoro-_ (1_1_2-trichloro-1_2_2-trifluoroethane) (sara 313). bp:114f_46c. (ing 2); ethane_ 1_1_2-trichloro-1_2_2-trifluoro-_ (freon 113) (sara 313)_ (trichlorotrifluoroethane) vp:760.0; ethane_1_1_2-trichloro-1_2_2-trifluoro-_(trichlorotrifluoroeth ane) (sara 313); ethane_ 1_1_2-trichloro-1_2_2-trifluoro-_ (1_1_2-trichloro 1_2_2-trifluoroethane (freon tf)) (sara 313); ethane_ 1_1_2-trichloro-1_2_2-trifluoro-_ (1_1_2-trichloro 1_2_2-trifluoroethane) (sara 313); ethane_ 1_1_2-trichloro-1_2_2-trifluoro-_ (1_1_2-trichloro-1_2_2-trifluoroethane) (freon 113) (sara 313); ethane_ 1_1_2-trichloro-1_2_2-trifluoro_ (trichiorotrifluoroethane); ethane_1_1_2-trichloro-1_2_2-trifluoro-_ (1_1_2-trichloro-1_2_2-trifluoroethane) (sara 313) ld50(oral_rat):43 g/kg; ethane_ 1_1_2-trichloro-1_2_2-trifluoro-_ (trichlorotrifluoroethane) (freon 113) (sara 313); freon 113_ 1_1_2_-trichloro-1_2_2_-trifluoroethane_; ethane_ 1_1_2-trichloro-1_2_2-trifluoro-_ (1_1_2-trichloro-1_2_2-trifluoroethane) (sara 313) bp: 114f (45.8c) @ (ing 2); ethane_ 1_1_2-trichloro-1_2_2-trifluoro-_ (freon 113) (trichlorotrifluoroethane) (sara 313); ethane_ 1_1_2-trichloro-1_2_2-trifluoro-_ (1_1_2-trichlorotrifluoroethane) (freon 113) (sara 313); ethane_ 1_1_2-trichloro-1_2_2 trifluoro-_ (1_1_2-trichloro-1_2_2-trifluoroethane) (freon 113) (sara 313); 1_1_2-trichloro-1_2_2-trifluoroethane_ (trichlorotrifluoroethane) (freon 113) (sara 313); ethane_ 1_1_2-trifluoro-1_2_2-trifluoro-_ 1_1_2-trichloro-1_2_2-trifluoroethane (freon 113) (sara 313) (ing 2); ethane_ 1_1_2-trichloro-1_2_2-trifluoro- (sara 313); 1_1_2-trichloro-1_2_2-trifluoroethane (freon 113) (sara 313).; ethane_ 1_1_2-trichloro-1_2_2-trifluoro-_ (trichlorotrifluoromethane) (sara 313). ld50:(oral_rat) 43_000 mg/kg.; ethane_ 1_1_2-trichloro-1_2_2-trifluoro-_ (trichlorotrifluoroethane) (sara 313) ld50(oral_rat):43_000 mg/kg; ethane_1_1_2-trichloro-1_2_2-trifluoro-_ (1_1_2-trichloro-1_2_2-trifluoroethane)(sara 313). ld50:(oral_rat)43_000 mg/kg.; ethane_ 1_1_2-trichloro-1_2_2-trifluoro-_ (sara 313) (trichlorotrifluoroethane) vp: 100; ethane_ 1_1_2-trichloro-1_2_2-trifluoro-_ (tetrafluoroethylene mixture) (freon 113) (sara 313); ethane_ 1_1_2-trichloro-_1_2_2-trifluoro-_ (1_1_2-trichloro-1_2_2-trifluoroethane) (freon 113) (sara 313); ethane_ 1_1_2-trichloro-1_2_2-trifluoro-_ (trichlorotrifluoroethane) (sara 313). vp:780.; ethane_ 1_1_2-trichloro-1_2_2-trifluoro-_ (trichlorotrifluoroethane) (sara 313). vp:760; ethane_ 1_1_2-trichloro-1_2_2-trifluoro-_ (oil dissolved in freon-113 (3:2 ratio)) (sara 313); 1_1_2-trichloro-1_2_2-trifluoroethane (freon 113) (sara 313)_ (trichlorotrifluoroethane); ethane_ 1_1_2-trichloro-1_2_2-trifluoro-_ (chlorinated fluorocarbon) (sara 313); ethane_ 1_1_2-trichloro-1_2_2-trifluoro-_ (freon 113)_ (trichlorotrifluoroethane) (sara 313); ethane_1_1_2-trichloro-1_2_2-trifluoro-_ (trichlorotrifluoroethane) (sara 313); ethane_1_1_2-trichloro-1_2_2-trifluoro-_ (freon 113) (sara 313); ethane_ 1_1_2-trichloro-1_2_2-trifluoro-_ (113 trichlorotrifluoroethane) (sara 313); trichlorotrifluoroethane (freon 113) (sara iii); 1_1_2-trichloro-1_2_2-trifluoroethane (freon 113)    (saraiii); 1_1_2-trichloro-1_2_2-trifluoroethane (freon 113) (saraiii) *; 1_1_2-trichloro-1_2_2-trifluoroethane (freon tf) (sara iii); 1_1_2-trichloro-1_2_2-trifluoroethane (freon 113)     (saraiii); ethane_ 1_1_2-trichloro-1_2_2-trifluoro-_(trichlorotrifluoroethane); ethane_ 1_1_2-trichloro-1_2_2-trifluoro_(1_1_2-trichloro-1_2_2-trifluoroethane) ld50: (oral_rat): 43 g/kg.; ethane_ 1_1_2-trichloro-1_2_2-trifluoro_(trichlorofluoroethane); ethane_ 1_1_2-trichloro-1_2_2-trifluoro-_(trichlorotrifluorothane); ethane_ 1_1_2-trichloro-1_2_2-trifluoro; ethane_ 1_1_2-trichloro-1_2_ 2-trifluoro-(freon tf-); ethane_ 1_2_2-trichloro-1_2_2-trifluoro-; 1_1_2-trichloro-1_2_2-trifluoroethane (freon 113)  (saraiii)/freon tf; ethane_1_1_2-trichloro-1_2_2-trifluoro_(trichlorotrifluoroethane). ld50:(oral_rat)>4 g/kg; 1_1_2-trichloro-1_2_2-trifluoroethane_(trichlorotrifluoroethane); ethane_1_1_2-trichloro-1_2_2-trifluoro_(trichlorotrifluoroethane). ld50:(oral_rat)43_000 mg/kg; trichlorotrifluoroethane (sara 313) (vapor pressure 334 mmhg @ 77f); trichlorotrifluoroethane (sara 313)  (vapor pressure 334 mmhg @ 77 f); trichlorotrifluroethane; ethane_ 1_1_2-trichloro-1_2_2-trifluoro-_(trichlorotrifluoroethane). ld50:(oral_rat)43_000 mg/kg.; 1_1_2-trichloro-1_2_2-trifluoroethane_ (freon 113)         (saraiii); 1_1_2-trichloro-1_2_2-trifluoroethane_ (cc1*2fcc1f*2)(sara iii); 1_1_2-trichloro-1_2_2-trifluoroethane_(trichlorotrifluoroethane) (sara iii); ethane_ 1_1_2-trichloro-1_2_2-trifluoro-_ (1_1_2_trichlorotrifluoroethane); 1_1_2-trichloro-1_2_2-trifluoroethane_ (freon 113); 1_1_2-trichloro-1_2_2-trifluoroethane_(freon 113)  (saraiii); 1_1_2-trichloro-1_2_2-trifluoroethane (sara iii); dymel 113 (1_1_2-trichloro-1_2_2-trifluoroethane) (saraiii); ethane_ 1_1_2-trichloro-1_2_2-trifluoro-_(trichlorotrifluoroethane) (sara iii) ld5o(oral_rat):43000mg/kg.vp:334.0 @20c; ethane_ 1_1_2-trichloro-1_2_2-trifluoro-_(1_1_2-trichloro-1_2_2-trifluoroethane). ld50:(oral_rat)43_000mg/kg.; ethane_ 1_1_2-trichloro-1_2_2-trifluoro-_ (freon tp35)(sara iii); ethane_1_1_2-trichloro-1_2_2-trifluoro-_(trichlorotrifluoroethane); ethane_ 1_1_2-trichloro-1_2_2-trifluoro-_ (freon 113)(sara iii); ethane_ 1_1_2-trichloro-_ 1_2_2-trifluoro-_(trichlorotrifluoroethane) (freon 113) (sara iii); ethane_ 1_1_2-trichloro-1_2_2-trifluoro-_(trichlorotrifluoroethane_ r-113_ fc-113) (sara iii); 1_1_2-trichloro-1_2_2-trifluoroethane (freon 113)  (sara313).; 1_1_2-trichloro-1_2_2-trifluoroethane_; 1_1_2-trichloro-1_2_2-trifluoroethane_ (freon 113)           (saraiii); ethane_ 1_1_2-trichloro-1_2_2-trifluoro-_ (1_1_2-trichloro1_2_2-trifluoroethane); ethane_ 1_1_2-trichloro-1_2_2-trifluoro-_ (freon tf); 1_1_2-trichloro-1_2_2-trifluoroethane_(trichlorofluoroethane)_ (freon 113); ethane_ 1_1_2-trichloro-1_2_2-trifluoro-_(trichlorotrifluoroethane). ld50: (oral_ rat) 43000 mg/kg.; 1_1_2-trichloro-1_2_2-trifluoroethane (freon 113).ld50:(oral_rat)43_000 mg/kg. (sara iii); ethane_ 1_1_2-trichloro-1_2_2-trifluoro-_(trichlorotrifluoroethane). ld50:(oral_rat) 43000 mg/kg; 1_1_2-trichloro-1_2_2-trifluoroethane_ (freon 113)(trichlorotrifluoroethane) (sara iii); 1_1_2-trichloro-1_2_2-trifluoroethane_ (freon 113)(trichlorotrifluoroethane) (sara iii). ld50:(oral_rat)43_000 mg/kg.; ethane_ 1_1_2-trichloro- 1_2_2-trifluoro-. ld50: (oral_rat) 43_000 mg/kg.; ethane_ 1_1_2-trichloro-1_2_2-trifluoro-_(1_1_2-trichloro-1_2_2-trifluoroethane). ld50:(oral rat) 43000mg/kg; ethane_ 1_1_2-trichloro-1_2_2-trifluoro-_ (freon tf)(trichlorotrifluoroethane). bp:48c. ld50:(oral_rat)43_000 mg/kg.; trichlorofluoroethane; 1_1_2-trichloro-1_2_2-trifluoroethane_ (freon 113).; ethane_1_1_2-trichloro-1_2_2-trifluoro-_ (1_1_2-trichloro-1_2_2-trifluoroethane); trichlorotrifluoroethane (113); trichlorofluoroethane (sara iii); ethane_ 1_1_2-trichloro-1_2_2-trifluoro-_ (1_1_2-trichloro-1_2_2-trifluoroethane) (freon 113) (sara iii); ethane_ 1_1_2-trichloro-1_2_2-trifluoro-_ (1_1_2-trichloro-1_2_2-trifluoroethane)(freon 113) (sara iii); ethane_ 1_1_2-trichloro-1_2_2-trifluoro-_ (trichlorotrifluoro-ethane) (sara 313); 1_1_2-trichloro-1_2_2-trifluoroethane_ (freon 113) (sara 313); 1_1_2-trichloro-1_2_2-trifluoroethane (freon 113)_ (halocarbon 113) (sara 313); ethane_ 1_1_2-trichloro-1_2_2-trifluoro-_ (1_1_2-trichlorotrifluoroethane) (sara 313) ld50: (oral_ rat) 43 g/kg; 1_1_2-trichloro-1_2_2-trifluoroethane (freon 113) (sara 313) ld50 (oral rat): 43 g/kg; ethane_ 1_1_2-trichloro-1_2_2-trifluoro-_ (freon 113) (sara 313) ld50 (oral rat): 43_000 mg/kg; ethane_ 1_1_2-trichloro-1_2_2-trifluoro-_ (1_1_2-trichloro-1_2_2-trifluoroethane) (mfr's invalid cas #4008-13-9).(ing 3); per msds:1_1_2-trichlorotrifluoromethane (r 113) (sara 313)_reclaimed or refrigerant cfc-113 (chlorinated hydrocarbon); 1_1_2-trichloro-1_2_2-trifluoroethane_ (trichlorotrifluoroethane) (sara 313) vp: 100.0; ethane_ 1_1_2-trichloro-1_2_2-trifluoro-_ (1_1_2 trichloro 1_2_2 trifluoro) (sara 313); ethane_ 1_1_2-trichloro-1_2_2-trifluoro-_ (1_1_2- trichloro-1_2_2-trifluoroethane) (freon 113) (sara 313). vp:200; ethane_ 1_1_2-trichloro-1_2_2-trifluoro-_ (trichlorotrifluoroethane) (sara 313) ld50 (oral rat): 43_000 mg/kg; ethane_ 1_1_2-trichloro-1_2_2-trifluoro-_ (1_1_2- trichloro-1_2_2-trifluoroethane (freon 113)) (sara 313). vp:100; 1_1_2-trichloro-1_2_2-trifluoroethane (freon 113)_ (trichlorofluoroethane) (sara 313); ethane_1_1_2-trichloro-1_2_2-trifluoro-_ (1_1_2-trichloro-1_2_2-trifluoroethane) (sara 313) ld50(oral rat): 43_000mg/kg; R-113; Trichlorotrifluoroethane (CFC-113); AJDIZQLSFPQPEY-UHFFFAOYSA-N; Tox21_200401; NCGC00257955-01; freon-113",name,CompTox,0.7237,ZeroPM,"{'ChEBI': 0.0, 'CompTox': 0.9615, 'PubChemID': 0.9333, 'ZeroPM': 1.0}"
"1,1-Dichloroethane",75-34-3,"1,1-Dichloroethane","1,1-Dichloroethane",C2H4Cl2,CC(Cl)Cl,CC(Cl)Cl,"InChI=1S/C2H4Cl2/c1-2(3)4/h2H,1H3",SCYULBFZEHDVBN-UHFFFAOYSA-N,DTXSID1020437,98.96000000000001,"75-34-3; 1,1-Dichloroethane; Ethane, 1,1-dichloro-; 1,1-DICHLORAETHAN; 1,1-Dichlorethan; 1,1-dicloroetano; 1,1-Ethylene dichloride; Dichloromethylmethane; Ethylene DI-Chloride; ETHYLIDENE CHLORIDE; Ethylidene dichloride; UN 2362; 1,1-Dichloroethane; Ethane, 1,1-dichloro-; Chlorinated hydrochloric ether; 1,1-Dichlorethane; alpha,alpha-Dichloroethane; EINECS 200-863-5; 1,1-Ethylidene dichloride; NCI-C04535; RCRA waste number U076; 1,1-Dichloorethaan; Aethylidenchlorid; Chlorure d'ethylidene; Cloruro di etilidene; UNII-0S989LNA44; F 150a; HCC 150a; 1,1-Dichloroethane; Ethane, 1,1-dichloro-; Dichloroethane, 1,1-; Ethylidene dichloride; 1, 1 - DICHLOROETHANE; 1,1-DCA; 1,1-Dichloroethane, dry weight; ETHYLIDENE CHLORIDE; ""1,1-dichloroethane""; ethane_ 1_1-dichloro- (sara iii). ld50: (oral_rat) 725 mg/kg; ethane_ 1_1-dichloro-_ (1_1-dichloroethane)  (sara iii). ld50: (oral_rat) 725 mg/kg.; ethane_ 1_1-dichloro-_ (1_1-dichloroethane)  (sara iii). ld50:(oral_rat) 725 mg/kg.; ethane_ 1_1-dichloro-_ (1_1-dichloroethane)  (sara iii); 1_1-dichloroethane         (sara iii); 1_1-dichloroethane     (sara iii); 1_1-dichloroethane (ethylidine chloride); ethane_ 1_1-dichloro-_ (1_1-dichloroethane) (sara 313) (cercla); 1_1-dichloroethane (sara 313) (cercla); ethane_ 1_1-dichloro-_ (sara 313) (cercla) ld50 (oral rat): 725 mg/kg; ethane_ 1_1-dichloro-_ (sara 313) (cercla). ld50 (oral_ rat): 725 mg/kg; 1_1-dichloroethane (sara 313) (cercla) and 1_2-dichloroethane; ethane_ 1_1-dichloro-_ (1_1-dichloroethane) (sara 313)(cercla). ld50:(oral_rat)725 mg/kg; 1_1-dichloroethane      (sara iii); 1_1-dichloroethane  (sara iii); 1_1-dichloroethane; CH3CHCl2; Dichloromethylmethane; Aethylidenchlorid; Chlorure d'ethylidene; Cloruro di etilidene; 1,1-Dichloorethaan; 1,1-Dichloraethan; 1,1-Dichlorethane; 1,1-Dicloroetano; NCI-C04535; Rcra waste number U076; UN 2362; R-150a; 1,1-Dichloroethane (1,1-DCA); 1;1-Dichloroethane; Tox21_200205; NCGC00257759-01",name,ChEBI,1.0,ChEBI,"{'ChEBI': 1.0, 'CompTox': 1.0, 'PubChemID': 1.0, 'ZeroPM': 1.0}"
"1,1-Dichloroethylene",75-35-4,"1,1-Dichloroethylene","1,1-Dichloroethene",C2H2Cl2,ClC(Cl)=C,C=C(Cl)Cl,InChI=1S/C2H2Cl2/c1-2(3)4/h1H2,LGXVIGDEPROXKC-UHFFFAOYSA-N,DTXSID8021438,96.94,"75-35-4; 1,1-Dichloroethylene; Vinylidene chloride; Ethene, 1,1-dichloro-; 1,1-DICHLORAETHEN; 1,1-Dichlorethylen; 1,1-Dichloroethene; 1,1-dicloroetileno; Diofan A 565S; Ethene, 1,1-dichloro; Ethylene, 1,1-dichloro-; Iso-dichloroethylene; UN 1303; Vinylidene dichloride; 1,1-Dichloroethene; Ethene, 1,1-dichloro-; asym-Dichloroethylene; as-Dichloroethylene; EINECS 200-864-0; NCI-C54262; RCRA waste number U078; Vinylidene chloride, monomer; Vinylidine chloride; Chlorure de vinylidene; UNII-21SK105J9D; 1,1-DCE; Vinylidene chloride; 1,1-Dichloroethylene (1,1-DCE); Ethene, 1,1-dichloro-; Vinylidene chloride (1,1-Dichloroethylene); 1,1-Dichloroethene; 1,1-Dichloroethylene; Dichloroethylene, 1,1-; 1,1-DCE; 1,1-Dichlorethylene; 1,1-Dichloroethylene, dry weight; D029; Ethylene, 1,1-dichloro-; Vinylidene; Vinylidene chloride, inhibetd; Vinylidene chloride, inhibited; Vinylidine chloride; Vinylidene dichloride; Vinylidene chloride  (as impurity; not cleared for use as an inert); vinylidene-chloride; Ethene, 1,1-dichloro; ""1,1-Dichloroethylene""; ""1,1-Dichloroethene""; ethylene_ 1_1-dichloro-_ (vinylidene chloride)  (sara iii); ethylene_ 1_1-dichloro-_ (1_1-dichloroethylene)  (sara iii). ld50:(oral_rat) 200 mg/kg.; ethylene_ 1_1-dichloro-_ (1_1-dichloroethene)  (sara iii); ethylene_ 1_1-dichloro-_ (vinylidene chloride) (1_1-dichloroethylene)) (sara iii); vinylidene chloride_ 1_1-dichloroethene_ 1_1-dichloroethylene_ vdc; ethylene_ 1_1-dichloro-_ (vinylidene chloride). %: <10 mg/kg.; vinylidene chloride (1_1-dichloroethylene)        (sara iii); vinylidene chloride_ 1_1-dichloroethene_1_1-dichloroethylene_ vdc; ethylene_ 1_1-dichloro-_ (vinylidene chloride)  (sara iii).%: may contain 0.005 max. vp:500 @ 20c.; ethylene_ 1_1-dichloro-_ (1_1-dichloroethylene) (vinylidenechloride) (sara iii). vp:500 @ 20c.; vinylidene chloride (1_1-dichloroethylene)  (sara iii); ethylene_1_2-dichloro-_ (vinylidene chloride)     (sara iii); ethylene_1_1-dichloro_ (vinylidene chloride) (1_1-dichloroethylene) (cercla); vinylidene chloride (1_1-dichloroethylene) (cercla); ethylene_ 1_1-dichloro-_ (1_1-dichloroethylene) (cercla); i_1-dichloroethene (vinylidene chloride) (1_1-dichloroethylene) (cercla); ethylene_ 1_1-dichloro-_ (1_1-dichloroethylene) (cercla) ld50 (oral rat): 200 mg/kg; ethylene_ 1_1-dichloro-_ (ethene_ 1_1_-dichloro-) (cercla) ld50 (oral_ rat): 200 mg/kg; ethylene_ 1_1-dichloro-_ (1_1-dichloroethylene) (cercla). ld50:(oral_rat) 200 mg/kg.; ethylene_ 1_1-dichloro-_ (vinylidene chloride) (cercla) ld50(oral_rat):200 mg/k; vinylidene chloride (1_1-dichloroethylene)         (sara iii); ethene_ 1_1-dichloro-1_1-dichloroethylene. ld50:(oral_rat)200 mg/kg.; ethylene 1_1-dichloro_ (vinylidene chloride). vp: 950.0 @32f.; ethylene 1_1-dichloro_ (vinylidene chloride). ld50:(oral_rat) 200 mg/kg.; 1_1-dichloroethylene_ (vinylidene chloride) ld50:(oral_rat) 200 mg/kg.; vinylidene chloride_ (1_1-dichloroethylene). ld50:(oral_rat) 200 mg/kg.; ethylene_ 1_1-dichloro-_ (1_1-dichloroethylene).ld50:(oral_rat)200 mg/kg.; ethylene_ 1_1-dichloro-_ (1_1-dichloroethylene).ld50:(oral_rat) 200 mg/kg.; vinyl chloride copolymer (sara iii); ethylene_ 1_1-dichloro-_ (1_1-dichloroethene). ld50 (oral_rat): 200 mg/kg.; ethylene_ 1_1-dichloro-_ (1_1-dichloroethene) (sara iii). ld50 (oral_rat): 200 mg/kg.; ethylene_1_1-dichloro-_ (1_1-dichloroethylene) (cercla)      ld50: (oral_ rat) 200 mg/kg; 1_1-dichloroethene; ethylene_ 1_1-dichloro-_ (vinylidene chloride) (cercla); ethylene_ 1_1-dichloro-_ (vinylidene chloride); CH2=CCl2; Chlorure de vinylidene; NCI-C54262; Rcra waste number U078; VDC; CIC(=)CI; 1,1-Dichloroethene (1,1-DCE); LGXVIGDEPROXKC-UHFFFAOYSA-N; Tox21_200357; NCGC00257911-01; PC-600033",name,CompTox,0.5089,CompTox,"{'ChEBI': 0.0357, 'CompTox': 1.0, 'PubChemID': 0.0, 'ZeroPM': 1.0}"
"1,1-Diethoxyethane ",2032-35-1,"1,1-Diethoxy-2-bromoethane","2-Bromo-1,1-diethoxyethane",C6H13BrO2,CCOC(CBr)OCC,CCOC(CBr)OCC,,LILXDMFJXYAKMK-UHFFFAOYSA-N,DTXSID2062111,197.072,"2032-35-1; 72516-42-8; 2250082-48-3; 1,1-Diethoxy-2-bromoethane; Ethane, 2-bromo-1,1-diethoxy-; bromoacetal; EC No.: 217-989-1; 1-Bromo-2,2-diethoxyethane; 2,2-Diethoxyethyl bromide; 2-Brom-1,1-diethoxyethan; 2-Bromo-1,1-diethoxyethane; 2-bromo-1,1-dietoxietano; 2-Bromoacetaldehyde diethyl acetal; Acetaldehyde, bromo-, diethyl acetal; Bromacetal; Bromacetaldehyde diethyl acetal; Bromoacetal; Bromoacetaldehyde diethyl acetal; Diethyl bromoacetaldehyde acetal; NSC 8036; α-Bromoacetaldehyde diethyl acetal; 2-Bromo-1,1-diethoxyethane; Ethane, 2-bromo-1,1-diethoxy-; Diethyl bromoacetal; EINECS 217-989-1; Ethane, 2-bromo-1,1-diethoxy-; Bromoacetaldehyde diethyl acetal; Acetaldehyde, bromo-, diethyl acetal; Bromacetal; Diethyl bromoacetaldehyde acetal; 1-Bromo-2,2-diethoxyethane; 1,1-Diethoxy-2-bromoethane; 2-Bromoacetaldehyde diethyl acetal; Bromoacetal; Diethyl bromoacetal; 2-Bromo-1,1-diethoxyethane; 2,2-Diethoxyethyl bromide; NSC 8036; LILXDMFJXYAKMK-UHFFFAOYSA-N",name,CompTox,0.5,CompTox,"{'CompTox': 1.0, 'PubChemID': 0.0}"
"1,2,3,4-Tetrachlorobenzene",634-66-2,"1,2,3,4-tetrachlorobenzene","1,2,3,4-tetrachlorobenzene",C6H2Cl4,Clc1ccc(Cl)c(Cl)c1Cl,Clc1ccc(Cl)c(Cl)c1Cl,InChI=1S/C6H2Cl4/c7-3-1-2-4(8)6(10)5(3)9/h1-2H,GBDZXPJXOMHESU-UHFFFAOYSA-N,DTXSID6026088,215.894,"1,2,3,4-Tetrachlorbenzol;1,2,3,4-benzene tetrachloride",name,ChEBI,1.0,ChEBI,"{'ChEBI': 1.0, 'CompTox': 1.0, 'PubChemID': 1.0, 'ZeroPM': 1.0}"
"1,2,3,4-Tetrahydronapthalene",17610-24-1,"Ethanone, 1-(5,6,7,8-tetrahydro-3,5,5,8,8-pentamethyl-2-naphthalenyl)-","1-(3,5,5,8,8-pentamethyl-6,7-dihydronaphthalen-2-yl)ethanone",C17H24O,CC1=CC2=C(C=C1C(=O)C)C(CCC2(C)C)(C)C,CC(=O)c1cc2c(cc1C)C(C)(C)CCC2(C)C,"InChI=1S/C17H24O/c1-11-9-14-15(10-13(11)12(2)18)17(5,6)8-7-16(14,3)4/h9-10H,7-8H2,1-6H3",QZADYGNSQCABPT-UHFFFAOYSA-N,,244.37,"Ethanone, 1-(5,6,7,8-tetrahydro-3,5,5,8,8-pentamethyl-2-naphthalenyl)-; EINECS 241-585-4; DTXSID7066221; 5',6',7',8'-Tetrahydro-3',5',5',8',8'-pentamethyl-2'-acetonaphthone; RefChem:592507; DTXCID1035600; 1-(3,5,5,8,8-pentamethyl-6,7-dihydronaphthalen-2-yl)ethanone; 1-(3,5,5,8,8-pentamethyl-5,6,7,8-tetrahydronaphthalen-2-yl)ethanone; 7-acetyl-1,1,4,4,6-pentamethyltetralin; UTK86UR5V6; 1-(5,6,7,8-Tetrahydro-3,5,5,8,8-pentamethyl-2-naphthyl)ethan-1-one; 1-(5,6,7,8-Tetrahydro-3,5,5,8,8-pentamethyl-2-naphthalenyl)ethanone; UNII-UTK86UR5V6; 1-(3,5,5,8,8-pentamethyl-5,6,7,8-tetrahydronaphthalen-2-yl)ethan-1-one; SCHEMBL3298635; MFCD00156733; AKOS024324691; DA-30886; NS00025788; 1,1,4,4,7-pentamethyl-6-acetyl-1,2,3,4-tetrahydronapthalene; 2-acetyl-3,5,5,8,8-pentamethyl-5,6,7,8-tetrahydronaphthalene; 1-(3,5,5,8,8-pentamethyl-5,6,7,8-tetrahydro-2-naphthalenyl)ethanone; 1-(3,5,5,8,8-Pentamethyl-5,6,7,8-tetrahydro-naphthalen-2-yl)-ethanone; 1-(3,5,5,8,8-pentamethyl-5,6,7,8-tetrahydronaphthalene-2-yl)ethanone; Methyl (5,6,7,8-tetrahydro-3,5,5,8,8-pentamethylnaphthalen-2-yl) ketone; methyl (5,6,7,8-tetrahydro-3,5,5,8,8-pentamethylnaphthalen-2yl) ketone",name,PubChemID,1.0,PubChemID,{'PubChemID': 1.0}
"1,2,3,5-Tetrachlorobenzene",634-90-2,"1,2,3,5-tetrachlorobenzene","1,2,3,5-tetrachlorobenzene",C6H2Cl4,Clc1cc(Cl)c(Cl)c(Cl)c1,Clc1cc(Cl)c(Cl)c(Cl)c1,InChI=1S/C6H2Cl4/c7-3-1-4(8)6(10)5(9)2-3/h1-2H,QZYNWJQFTJXIRN-UHFFFAOYSA-N,DTXSID1026089,215.894,"1,2,3,5-Tetrachlorbenzol",name,ChEBI,1.0,ChEBI,"{'ChEBI': 1.0, 'CompTox': 1.0, 'PubChemID': 1.0, 'ZeroPM': 1.0}"
"1,2,3-Trichlorobenzene",87-61-6,"1,2,3-Trichlorobenzene","1,2,3-Trichlorobenzene",C6H3Cl3,ClC1=CC=CC(Cl)=C1Cl,Clc1cccc(Cl)c1Cl,InChI=1S/C6H3Cl3/c7-4-2-1-3-5(8)6(4)9/h1-3H,RELMFMZEBKVZJC-UHFFFAOYSA-N,DTXSID8026193,181.44,"87-61-6; 1,2,3-Trichlorobenzene; Benzene, 1,2,3-trichloro-; 1,2,6-Trichlorobenzene; vic-Trichlorobenzene; NSC 43432; 1,2,3-Trichlorbenzol; 1,2,3-triclorobenceno; 1,2,3-Trichlorobenzene; Benzene, 1,2,3-trichloro-; BRN 0956882; EINECS 201-757-1; UNII-NUR9777IK4; 1,2,3-Trichlorobenzene; Benzene, 1,2,3-trichloro-; Trichlorobenzene, 1,2,3-; 123-Trichlorobenzene; 1, 2, 3 - TRICHLOROBENZENE; 1 2 3-trichlorobenzene; benzene_ 1_2_3-trichloro-_ (1_2_3-trichlorobenzene); 1_2_3-trichlorobenzene; 1_2_3 trichlorobenzene   *94-4*; benzene_ 1_2_3-trichloro_ (1_2_3-trichlorobenzene); Tox21_202113; Tox21_300501; NCGC00259662-01; NCGC00254273-01",name,CompTox,1.0,CompTox,"{'CompTox': 1.0, 'PubChemID': 1.0, 'ZeroPM': 1.0}"
"1,2,3-Trimethylbenzene ",526-73-8,"1,2,3-Trimethylbenzene","1,2,3-Trimethylbenzene",C9H12,CC1=CC=CC(C)=C1C,Cc1cccc(C)c1C,"InChI=1S/C9H12/c1-7-5-4-6-8(2)9(7)3/h4-6H,1-3H3",FYGHSUNMUKGBRK-UHFFFAOYSA-N,DTXSID8047769,120.195,"526-73-8; 1,2,3-Trimethylbenzene; Benzene, 1,2,3-trimethyl-; 1,2,3-Trimethylbenzol; 1,2,3-trimetilbenceno; Hemimellitene; Hemimellitol; NSC 5167; NSC 65599; 1,2,3-Trimethylbenzene; Benzene, 1,2,3-trimethyl-; 4-05-00-01007; BRN 1903410; EINECS 208-394-8; 1,2,3-Trimethylbenzene, 90.5%; UNII-ZK4R7UPH6R; hemellitol; 1,2,3-Trimethylbenzene; Trimethylbenzene, 1,2,3-; Benzene, 1,2,3-trimethyl-; 1, 2, 3 - TRIMETHYLBENZENE; 1,2,3TRIMETHYLBENZENE; 1,2,3-TMB; 1,2,3-Trimethyl benzene; Trimethyl benzene, 1,2,3-; 1_2_3-trimethylbenzene; benzene_ 1_2_3-trimethyl-_ (1_2_3-trimethylbenzene); 1_2_3-trimethyl benzene [contained in ingred #6]; 1_2_3 trimethylbenzene (included in ingredient 5); benzene_ 1_2_3-trimethyl-; 1,2,3 Trimethylbenzene; Tox21_303868; NCGC00357131-01",name,CompTox,1.0,CompTox,"{'CompTox': 1.0, 'PubChemID': 1.0}"
"1,2,4,5-Tetrabromobenzene",636-28-2,"1,2,4,5-Tetrabromobenzene","1,2,4,5-Tetrabromobenzene",C6H2Br4,BrC1=CC(Br)=C(Br)C=C1Br,Brc1cc(Br)c(Br)cc1Br,InChI=1S/C6H2Br4/c7-3-1-4(8)6(10)2-5(3)9/h1-2H,QCKHVNQHBOGZER-UHFFFAOYSA-N,DTXSID7060910,393.698,"636-28-2; 1,2,4,5-Tetrabromobenzene; 1,2,4,5-Tetrabromobenzene; Benzene, 1,2,4,5-tetrabromo-; EINECS 211-253-3; NSC 27002; 2,3,5,6-Tetrabromobenzene; 1,2,4,5-TETRABROMOBENZENE; 1,2,4,5TETRABROMOBENZENE; Benzene, 1,2,4,5-tetrabromo-; QCKHVNQHBOGZER-UHFFFAOYSA-N",name,CompTox,1.0,CompTox,"{'CompTox': 1.0, 'PubChemID': 1.0}"
"1,2,4,5-Tetrachlorobenzene",95-94-3,"1,2,4,5-tetrachlorobenzene","1,2,4,5-tetrachlorobenzene",C6H2Cl4,Clc1cc(Cl)c(Cl)cc1Cl,Clc1cc(Cl)c(Cl)cc1Cl,InChI=1S/C6H2Cl4/c7-3-1-4(8)6(10)2-5(3)9/h1-2H,JHBKHLUZVFWLAG-UHFFFAOYSA-N,DTXSID7024320,215.894,"1,2,4,5-Tetrachlorbenzol;s-tetrachlorobenzene",name,ChEBI,1.0,ChEBI,"{'ChEBI': 1.0, 'CompTox': 1.0, 'PubChemID': 1.0, 'ZeroPM': 1.0}"
"1,2,4,5-Tetramethylbenzene",95-93-2,"1,2,4,5-Tetramethylbenzene","1,2,4,5-Tetramethylbenzene",C10H14,CC1=CC(C)=C(C)C=C1C,Cc1cc(C)c(C)cc1C,"InChI=1S/C10H14/c1-7-5-9(3)10(4)6-8(7)2/h5-6H,1-4H3",SQNZJJAZBFDUTD-UHFFFAOYSA-N,DTXSID1029124,134.222,"95-93-2; 1,2,4,5-Tetramethylbenzene; Benzene, 1,2,4,5-tetramethyl-; 1,2,4,5-Tetramethylbenzol; 1,2,4,5-tetrametilbenceno; NSC 6770; p-Xylene, 2,5-dimethyl-; 1,2,4,5-Tetramethylbenzene; Benzene, 1,2,4,5-tetramethyl-; EINECS 202-465-7; UNII-181426CFYB; Benzene, 1,2,4,5-tetramethyl-; 1,2,4,5-Tetramethylbenzene; durene; Tetramethylbenzene, 1,2,4,5-; benzene_1_2_4_5-tetramethyl-_ (1_2_4_5-tetramethylbenzene); benzene_ 1_2_4_5-tetramethyl- (1_2_4_5-tetramethylbenzene_98%); benzene_ 1_2_4_5-tetramethyl; 1_2_4_5- tetramethylbenzene; 1_2_4_5-; SQNZJJAZBFDUTD-UHFFFAOYSA-N; Tox21_201920; Tox21_303511; NCGC00259469-01; NCGC00257264-01",name,CompTox,0.5506,CompTox,"{'CompTox': 1.0, 'PubChemID': 0.0357, 'ZeroPM': 1.0, 'ChEMBL': 0.1667}"
"1,2,4-tribromobenzene",615-54-3,"1,2,4-Tribromobenzene","1,2,4-Tribromobenzene",C6H3Br3,BrC1=CC(Br)=C(Br)C=C1,Brc1ccc(Br)c(Br)c1,InChI=1S/C6H3Br3/c7-4-1-2-5(8)6(9)3-4/h1-3H,FWAJPSIPOULHHH-UHFFFAOYSA-N,DTXSID5024346,314.802,"615-54-3; 1,2,4-Tribromobenzene; Benzene, 1,2,4-tribromo-; 1,2,4-Tribromobenzene; Benzene, 1,2,4-tribromo-; EINECS 210-433-9; NSC 62440; 210-433-9; EC No.: 210-433-9; 1,2,4-Tribromobenzene; Tribromobenzene, 1,2,4-; Benzene, 1,2,4-tribromo-; 1_2_4-tribromobenzene *91/4*; 1_2_4-tribromobenzene *92-2*; FWAJPSIPOULHHH-UHFFFAOYSA-N; Tox21_201862; Tox21_303231; NCGC00259411-01; NCGC00257054-01",name,CompTox,1.0,CompTox,"{'CompTox': 1.0, 'PubChemID': 1.0, 'ZeroPM': 1.0}"
"1,2,4-Trichlorobenzene",120-82-1,"1,2,4-trichlorobenzene","1,2,4-trichlorobenzene",C6H3Cl3,Clc1ccc(Cl)c(Cl)c1,Clc1ccc(Cl)c(Cl)c1,InChI=1S/C6H3Cl3/c7-4-1-2-5(8)6(9)3-4/h1-3H,PBKONEOXTCPAFI-UHFFFAOYSA-N,DTXSID0021965,181.449,"unsym-trichlorobenzene;1,2,4-Trichlorobenzene;Trichlorobenzene A;as-trichlorobenzene;1,2,5-trichlorobenzene;1,2,4-Trichlorbenzol",name,ChEBI,1.0,ChEBI,"{'ChEBI': 1.0, 'CompTox': 1.0, 'PubChemID': 1.0, 'ZeroPM': 1.0}"
"1,2,4-Trimethylbenzene",95-63-6,"1,2,4-trimethylbenzene","1,2,4-trimethylbenzene",C9H12,Cc1ccc(C)c(C)c1,Cc1ccc(C)c(C)c1,"InChI=1S/C9H12/c1-7-4-5-8(2)9(3)6-7/h4-6H,1-3H3",GWHJZXXIDMPWGX-UHFFFAOYSA-N,DTXSID6021402,120.195,"Pseudocumene;as-Trimethylbenzene;Uns-trimethylbenzene;psi-Cumene;1,3,4-Trimethylbenzene;1,2,4-Trimethylbenzene;Pseudocumol;Psi-cumene",name,ChEBI,0.8333,ChEBI,"{'ChEBI': 1.0, 'CompTox': 1.0, 'PubChemID': 1.0, 'ZeroPM': 1.0, 'ChEMBL': 0.1667}"
"1,2-Benzenediol",488-17-5,"3-Methyl-1,2-benzenediol","3-Methylbenzene-1,2-diol",C7H8O2,CC1=C(O)C(O)=CC=C1,Cc1cccc(O)c1O,,PGSWEKYNAOWQDF-UHFFFAOYSA-N,DTXSID9060071,124.139,"488-17-5; 3-Methyl-1,2-benzenediol; 1,2-Dihydroxy-3-methylbenzene; 2,3-Dihydroxytoluene; EC No.: 207-672-6; 3-Methyl-1,2-benzenediol; 3-Methyl-1,2-dihydroxybenzene; NSC 66523; 1,2-Benzenediol, 3-methyl-; 2,3-Toluenediol; 2-Hydroxy-3-methylphenol; 2-Hydroxy-6-methylphenol; 3-Methyl-1,2-dihydroxybenzene; 3-Methylcatechol; 3-Methylpyrocatechol; Pyrocatechol, 3-methyl-; 3-Methylbenzene-1,2-diol; 1,2-Benzenediol, 3-methyl-; BRN 0774602; UNII-0HUZ4Q9R8C; 3-methylbenzene-1,2-diol; 3-methylcatechol; 3-methylpyrocatechol; 1,2-Benzenediol, 3-methyl-; 3-Methyl-1,2-benzenediol; 3-methyl-benzene-1,2-diol; 3-methylbenzene-1,2-diol; 3-Methylcatechol; PGSWEKYNAOWQDF-UHFFFAOYSA-N",name,CompTox,0.2775,CompTox,"{'ChEBI': 0.0714, 'CompTox': 1.0, 'PubChemID': 0.0, 'ZeroPM': 0.0385}"
"1,2-Dibromobenzene",583-53-9,"1,2-dibromobenzene","1,2-dibromobenzene",C6H4Br2,Brc1ccccc1Br,Brc1ccccc1Br,InChI=1S/C6H4Br2/c7-5-3-1-2-4-6(5)8/h1-4H,WQONPSCCEXUXTQ-UHFFFAOYSA-N,DTXSID0022064,235.90599999999998,o-dibromobenzene;ortho-dibromobenzene,name,ChEBI,1.0,ChEBI,"{'ChEBI': 1.0, 'CompTox': 1.0, 'PubChemID': 1.0, 'ZeroPM': 1.0}"
"1,2-Dibromoethane",106-93-4,"1,2-dibromoethane","1,2-dibromoethane",C2H4Br2,BrCCBr,BrCCBr,InChI=1S/C2H4Br2/c3-1-2-4/h1-2H2,PAAZPARNPHGIKF-UHFFFAOYSA-N,DTXSID3020415,187.862,"alpha,beta-dibromoethane;ethylene bromide;1,2-Dibromoethane;Ethylene dibromide;DBE;EDB;sym-Dibromoethane;alpha,omega-dibromoethane",name,ChEBI,1.0,ChEBI,"{'ChEBI': 1.0, 'CompTox': 1.0, 'PubChemID': 1.0, 'ZeroPM': 1.0, 'ChEMBL': 1.0}"
"1,2-Dichlorobenzene",3855-82-1,"1,2-Dichlorobenzene","1,2-Dichlorobenzene",C6H4Cl2,ClC1=C(Cl)C=CC=C1,Clc1ccccc1Cl,InChI=1S/C6H4Cl2/c7-5-3-1-2-4-6(5)8/h1-4H,RFFLAFLAYFXFSW-UHFFFAOYSA-N,DTXSID6020430,147.0,"95-50-1; 1,2-Dichlorobenzene; o-dichlorobenzene; Benzene, 1,2-dichloro-; 1,2-Dichlorbenzol; 1,2-diclorobenceno; Benzene, o-dichloro-; Cloroben; Dilatin DB; Dowtherm E; NSC 60644; O-DICHLORBENZOL; o-Dichlorobenzol; ortho-Dichlorobenzene; UN 1591; 1,2-Dichlorobenzene; Benzene, 1,2-dichloro-; Caswell No. 301; Chloroben; o-Dichlor benzol; Dichlorobenzene, ortho, liquid; Dilantin DB; EINECS 202-425-9; EPA Pesticide Chemical Code 059401; NCI-C54944; Orthodichlorobenzene; Orthodichlorobenzol; Special termite fluid; Termitkil; UNII-6PJ93I88XL; 1,2-Dichlorobenzene; Benzene, 1,2-dichloro-; 1,2-Dichlorobenzene (o-dichlorobenzene); Dichloro-benzene (ortho); o-Dichlorobenzene; 12-Dichlorobenzene; 1, 2 - DICHLOROBENZENE; Orthodichlorobenzene; Chloroben; 2-dichlorobenzene; dichlorobenzene, o-; benzene_ o-dichloro-_ (1_2-dichloro-benzene); benzene_ o-dichloro-_ (o-dichlorobenzene) (sara 313) (cercla); benzene_ o-dichloro-_ (o-dichlorobenzene)  (sara iii); o-dichlorobenzene_ 1_2-dichlorobenzene (ortho); benzene_ o-dichloro-_ (orthene) (sara iii); benzene_ 0-dichloro-_ (o-dichlorobenzene)  (sara iii); benzene_ o-dichloro-_ (1_2-dichlorobenzene)  (sara iii). ld50:(oral_rat) 500 mg/kg.; benzene_ o-dichloro-_ (1_2-dichlorobenzene)   (sara iii). ld50:(oral_rat) 500 mg/kg.; benzene_ o-dichloro-_ (orthodichlorobenzene) (sara iii); benzene_ o-dichloro-_ (o-dichlorobenzene). ld50:500 mg/kg; o-dichlorobenzene (sara iii); benzene_ o-dichloro-_ (o-dichlorobenzene).ld50:(oral_rat)500 mg/kg; benzene_ o-dichloro-_ (orthodichlorobenzene); benzene_o-dichloro-_ (o-dichlorobenzene)_(1_4-dichlorobenzene) (sara 313) (cercla); o-dichlorobenzene_ 1_2-dichlorobenzene (ortho) (iarc - group 3) *94-4*; o-dichlorobenzene (sara 313) (cercla)/1_2-dichlorobenzene; benzene_ o-dichloro-_ (1_2-diclorobenzene) (sara 313) (cercla); benzene_ o-dichloro-_ (1_2-dichlorobenzene) (sara 313) (cercla); benzene_ o-dichloro-_ (orthodichlorobenzene)  (sara 313) (cercla). bp:256f_124c. fl pt:155f_68c.; o-dichlorobenzene (sara 313) (cercla); benzene_ o-dichloro-_ (benzene_ 1_2-dichloro-)(sara 313) (cercla) ld50 (oral rat): 500 mg/kg; benzene_ o-dichloro-_ (orthene) (sara 313) (cercla); benzene_ o-dichloro_ (1_2-dichlorobenzene) (sara 313) (cercla) ld50(oral_rat):500 mg/kg; benzene_ o-dichloro-_ (1_2-dichlorobenzne-d*4)   (sara 313) (cercla); benzene_ o-dichloro_ (1_2-dichlorobenzene) (sara 313) (cercla); benzene_ o-dichloro-_ (o-dichlorobenzene) (sara 313) (cercla)ld50 (oral_ rat): 500 mg/kg; o-dichlorobenzene  (sara iii); o-dichlorobenzene (sara 313) (cercla)/dichlorobenzene; benzene_ o-dichloro-_ (1_2-dichlorobenzene) (sara iii).ld50: (oral_rat) 500 mg/kg; benzene_ o-dichloro-_ (1_2-dichlorobenzene) (sara iii). ld50:(oral_rat)500 mg/kg.; benzene_ o-dichloro-_ (1_2-dichlorobenzene-d) (sara iii) (mfr cas no: 3855-82-1) ld50 (oral_rat): 500 mg/kg.; benzene_ o-dichloro-_ (1_2-dichlorobenzene) (sara iii). ld50 (oral_rat): 500 mg/kg.; benzene_ 0-dichloro-_ (1_2-dichlorobenzene) (sara iii). ld50:(oral_rat) 500 mg/kg; benzene_ o-dichloro-_ (1_2-dichlorobenzene) (sara 313) (cercla). ld50:(oral_rat) 500 mg/kg.; benzene_ o-dichloro-_ (1_2-dichlorobenzene) (sara 313) (cercla) ld50: (oral_ rat) 500 mg/kg; 1_2-dichlorobenzene; benzene_ o-dichloro-_ (o-isomers); benzene_ o-dichloro-_ (o-dichlorobenzene) (sara 313) (cercla) ld50 (oral rat): 500 mg/kg; benzene_ o-dichloro-_ (o-dichlorobenzene) (sara 313) (cercla). ld50 (oral_ rat): 500 mg/kg; benzene_ o-dichloro-_ (1-2-dichlorobenzene)  (sara 313) (cercla); ortho- dichlorobenzene c6h4cl2; Benzene, o-dichloro-; Cloroben; Dilantin DB; Dowtherm E; 1,2-Dichlorbenzene; o-Dichlorobenzol; Dilatin db; ortho-Dichlorobenzene; o-Dichlorbenzene; o-Dichlorbenzol; Dizene; 1 2-Dichlorobenzene; Tox21_111030; Tox21_202157; Tox21_300046; NCGC00090825-01; NCGC00259706-01; NCGC00253914-01; PC-059401",name,CompTox,1.0,CompTox,"{'CompTox': 1.0, 'PubChemID': 1.0, 'ZeroPM': 1.0, 'ChEMBL': 1.0}"
"1,2-Dichloroethane",107-06-2,"1,2-dichloroethane","1,2-dichloroethane",C2H4Cl2,ClCCCl,ClCCCl,InChI=1S/C2H4Cl2/c3-1-2-4/h1-2H2,WSLDOOZREJYCGB-UHFFFAOYSA-N,DTXSID6020438,98.96000000000001,"alpha,beta-dichloroethane;Dutch liquid;Aethylenchlorid;ethylene chloride;1,2-DICHLOROETHANE;EDC;1,2-Dichloraethan;Aethylendichlorid;1,2-DCE;1,2-Dichloroethane;ethane dichloride;DCE;Ethylene dichloride;Glycol dichloride",name,ChEBI,1.0,ChEBI,"{'ChEBI': 1.0, 'CompTox': 1.0, 'PubChemID': 1.0, 'ZeroPM': 1.0, 'ChEMBL': 1.0}"
"1,2-Dichloropropane",26198-63-0,"1,2-dichloropropane","1,2-dichloropropane",C3H6Cl2,CC(Cl)CCl,CC(Cl)CCl,"InChI=1S/C3H6Cl2/c1-3(5)2-4/h3H,2H2,1H3",KNKRKFALVUDBJE-UHFFFAOYSA-N,DTXSID0020448,112.98700000000001,"78-87-5; 26198-63-0; 1,2-Dichloropropane; Propane, 1,2-dichloro-; Propylene chloride; propylene dichloride; 1,2-Dichlorpropan; 1,2-dicloropropano; 1,2-Dichloropropane; Propane, 1,2-dichloro-; NSC 1237; 3-01-00-00225; BRN 1718880; Caswell No. 324; alpha,beta-Dichloropropane; EINECS 201-152-2; EPA Pesticide Chemical Code 029002; NCI-C55141; alpha,beta-Propylene dichloride; RCRA waste number U083; Bichlorure de propylene; Dichloro-1,2 propane; Dwuchloropropan; UNII-RRZ023OFWL; 1,2-DCP; 1,2-D; 1,2-Dichloropropane; Propane, 1,2-dichloro-; 1,2-Dichloropropane (propylene dichloride); Dichloropropane; Dichloropropane, 1,2-; 1, 2 - DICHLOROPROPANE; Propylene dichloride; 1, 2 dichloropropane; 1,2-dichloro-propane; ""1,2-Dichloropropane""; propane_ 1_2-dichloro-_ (propylene dichloride)  (sara iii); propane_ 1_2-dichloro-_ (1_2-dichloropropane)  (sara iii). ld50:(oral_rat) 1900 mg/kg.; propane_ 1_2-dichoro-_ (1_2-dichloropropane)   (sara iii). ld50:(oral_rat) 1900 mg/kg.; propane_ 1_2-dichloro-_ (1_2-dichloropropane); propane_ 1_2-dichloro- (1_2-dichloropropane)  (sara iii). ld50:(oral_rat) 1900 mg/kg.; propylene dichloride (sara iii); 1_2-dichlororopane; propane_1_2-dichloro-_ (propylene dichloride) (sara 313) (cercla); propylene dichloride (sara 313) (cercla)/1_2-dichloropropane; propane_ 1_2-dichloro-_ (1_2-dichloropropane) (sara 313) (cercla); 1_2-dichloropropane (propylene dichloride) (sara 313) (cercla); propane_ 1_2-dichloro- (sara 313) (cercla) ld50 (oral rat): 1900 mg/kg; propane_ 1_2-dichloro-_ (sara 313) (cercla) ld50 (oral_ rat): 1900 mg/kg; propylene dichloride  (sara iii); propylene dichloride   (sara iii); propane_ 1_2-dichloro-. ld50: (oral_rat) 1900 mg/kg.; propane_ 1_2-dichloro-_ (1_2-dichloropropane).ld50:(oral_rat)1900 mg/kg.; propane_ 1_2-dichloro-. ld50:(oral_rat) 1900 mg/kg.; propane_ 1_2-dichloro-_(propylene dichloride). ld50:(oralrat) 1900 mg/kg.; propane_ 1_2-dichloro-_ (1_2-dichloropropane) (sara iii). ld50 (oral_rat): 2796 mg/kg.; propane_ 1_2-dichloro-_ (1_2-dichloropropane). ld50 (oral_rat): 2196 mg/kg.; 1_2-dichloropropane; propene_ 1_2-dichloro-_ (cis-1_3-dichloropropene) (sara 313) (cercla); propylene dichloride (sara 313) (cercla); Propylene chloride; CH3CHClCH2Cl; .alpha.,.beta.-dichloropropane; Bichlorure de propylene; Dwuchloropropan; ENT 15,406; NCI-C55141; Rcra waste number U083; NSC 1237; Vidden D (Salt/Mix); component of D-D Mixture (Salt/Mix); 1;2-Dichloropropane; 1,2-Dichloropropane [BSI:ISO]; KNKRKFALVUDBJE-UHFFFAOYSA-N; Tox21_200362; NCGC00257916-01; PC-029002; PC-600030",name,ChEBI,0.9464,PubChemID,"{'ChEBI': 1.0, 'CompTox': 0.7857, 'PubChemID': 1.0, 'ZeroPM': 1.0}"
"1,2-Dichlorotetrafluoroethane",76-14-2,"1,2-Dichloro-1,1,2,2-tetrafluoroethane","1,2-Dichloro-1,1,2,2-tetrafluoroethane",C2Cl2F4,FC(F)(Cl)C(F)(F)Cl,FC(F)(Cl)C(F)(F)Cl,"InChI=1S/C2Cl2F4/c3-1(5,6)2(4,7)8",DDMOUSALMHHKOS-UHFFFAOYSA-N,DTXSID8026434,170.92,"76-14-2; 1,2-Dichloro-1,1,2,2-tetrafluoroethane; CFC-114; Ethane, 1,2-dichloro-1,1,2,2-tetrafluoro-; 1,1,2,2-Tetrafluoro-1,2-dichloroethane; 1,2-DICHLOR-1,1,2,2-TETRAFLUOR-AETHAN; 1,2-Dichloroperfluoroethane; 1,2-Dichlorotetrafluoroethane; criofluorano; Cryofluoran; Cryofluorane; Dichloro-1,1,2,2-tetrafluoroethane; Dichlorotetrafluoroethane (CFC-114); Diclorotetrafluoroetano (CFC-114); ETHANE, 1,2-DICHLOROTETRAFLUORO-; Fluorocarbon 114; Frigiderm; Genetron 114; Genetron 316; Propellant 114; Refrigerant 114; sym-Dichlorotetrafluoroethane; UN 1958; 1,2-Dichloro-1,1,2,2-tetrafluoroethane; Ethane, 1,2-dichloro-1,1,2,2-tetrafluoro-; 4-01-00-00137; BRN 1740333; Caswell No. 326A; EINECS 200-937-7; EPA Pesticide Chemical Code 326200; Fluorane 114; Halocarbon 114; Cryofluoranum; UNII-6B5VVT93AR; Arcton 114; Arcton 33; CFC 114; F 114 (halocarbon); FKW 114; Freon 114; Frigen 114; Fron 114; Ledon 114; R 114 (halocarbon); Ucon 114; Ethane, 1,2-dichloro-1,1,2,2-tetrafluoro-; 1,2-Dichloro-1,1,2,2-tetrafluoroethane; 1,2-DICHLOROTETRAFLUOROETHANE; cryofluorane; Dichlorotetrafluoroethane (CFC-114); DICHLOROTETRAFLUOROETHANE; CFC-114; Dichloro-1,1,2,2-tetrafluoroethane; Ethane, 1,2-dichlorotetrafluoro-; ""1,2-Dichlorotetrafluoroethane""; ""Dichloro-1,1,2,2-tetrafluoroethane""; dichlorotetrafluoroethane  (sara iii); ethane_ 1_2-dichloro-1_1_2_2-tetrafluoro-_ (dichlorotetrafluoroethane) (sara iii); dichlorotetrafluoroethane (sara iii); 1_2-dichlorotetrafluoroethane; dichlorotetrafluoroethane (freon 114); dichlorotetrafluoroethane  (sara iii)/propellant 40%; dichlorotetrafluoroethane (sara 313); dichlorotetrafluoroethane (sara 313)/propellant 114; ethane_1_2-dichloro-1_1_2_2-terafluoro-_(genetron 114)(sara 313)vp:12.9 psig @ 21.1c(70f)ld50:(oral_ rat):72 pph/30 min.; ethane_ 1_2-dichlorotetrafluoro-(freon 114) (sara 313); dichlorotetrafluoroethane or propellant 114 (sara 313); dichlorotetrafluoroethane_ freon 114; dichlorotetrafluoroethane (freon 114) (sara iii); dichlorotetrafluoroethane (ethane 1_2-dichlorotetrafluoro); ethane_ 1_2-dichloro-1_2_2_2-tetrafluoro-_(dichlorotetrafluoroethane) (sara iii); genetron 114_ dichlorotetrafluoroethane (sara iii); ethane_ 1_2-dichloro-1_1_2_2-tetrafluoro-_ (1_2-dichlorotetrafluoroethane) (sara 313); R-114; Cryofluorane [INN]; DDMOUSALMHHKOS-UHFFFAOYSA-N; PC-326200",name,CompTox,0.9643,CompTox,"{'CompTox': 1.0, 'PubChemID': 0.9286}"
"1,2-Diethoxyethane ",57987-56-1,"1,2-Dichloro-1,2-diethoxyethane","1,2-Dichloro-1,2-diethoxyethane",C6H12Cl2O2,CCOC(Cl)C(Cl)OCC,CCOC(Cl)C(Cl)OCC,"InChI=1S/C6H12Cl2O2/c1-3-9-5(7)6(8)10-4-2/h5-6H,3-4H2,1-2H3",OIOOPNIDDHCFGA-UHFFFAOYNA-N,DTXSID50973558,187.06,"57987-56-1; 1,2-Dichloro-1,2-diethoxyethane; 1,2-Dichloro-1,2-diethoxyethane; Ethane, 1,2-dichloro-1,2-diethoxy-; Ethane, 1,2-dichloro-1,2-diethoxy-; OIOOPNIDDHCFGA-UHFFFAOYSA-N",name,CompTox,0.875,CompTox,"{'CompTox': 1.0, 'PubChemID': 0.75}"
"1,2-Diethylbenzene",135-01-3,o-Diethylbenzene,"1,2-Diethylbenzene",C10H14,CCC1=CC=CC=C1CC,CCc1ccccc1CC,"InChI=1S/C10H14/c1-3-9-7-5-6-8-10(9)4-2/h5-8H,3-4H2,1-2H3",KVNYFPKFSJIPBJ-UHFFFAOYSA-N,DTXSID6052742,134.222,"135-01-3; o-Diethylbenzene; 1,2-Diethylbenzene; Benzene, o-diethyl-; Benzene, 1,2-diethyl-; 1,2-Diethylbenzene; 1,2-Diethylbenzene; Benzene, 1,2-diethyl-; 4-05-00-01065; BRN 1904392; EINECS 205-170-1; UNII-25HOX6T1LU; O-DIETHYLBENZENE; 1,2-Diethylbenzene; Benzene, 1,2-diethyl-; 1, 2-DIETHYLBENZENE",name,CompTox,0.7827,PubChemID,"{'CompTox': 0.9643, 'PubChemID': 1.0, 'ZeroPM': 1.0, 'ChEMBL': 0.1667}"
"1,2-Dinitrobenzene",528-29-0,"1,2-dinitrobenzene","1,2-dinitrobenzene",C6H4N2O4,O=[N+]([O-])c1ccccc1[N+](=O)[O-],O=[N+]([O-])c1ccccc1[N+](=O)[O-],InChI=1S/C6H4N2O4/c9-7(10)5-3-1-2-4-6(5)8(11)12/h1-4H,IZUKQUVSCNEFMJ-UHFFFAOYSA-N,DTXSID4024066,168.10799999999995,"1,2-Dinitrobenzene;1,2-Dinitrobenzol;o-Dinitrobenzene",name,ChEBI,1.0,ChEBI,"{'ChEBI': 1.0, 'CompTox': 1.0, 'PubChemID': 1.0, 'ZeroPM': 1.0}"
"1,2-Propylene oxide",16033-71-9,"(+/-)-1,2-Propylene oxide",2-Methyloxirane,C3H6O,CC1CO1,CC1CO1,"InChI=1S/C3H6O/c1-3-2-4-3/h3H,2H2,1H3",GOOHAUXETOMSMM-UHFFFAOYNA-N,DTXSID5021207,58.08,"75-56-9; 16033-71-9; (+/-)-1,2-Propylene oxide; 1,2-Epoxypropane; (+/-)-1,2-Epoxypropane; (+/-)-2-Methyloxirane; (+/-)-Epoxypropane; (+/-)-Methyloxirane; (+/-)-Propylene oxide; 2,3-Epoxypropane; DL-1,2-Epoxypropane; dl-Propylene oxide; Epihydrin; Epoxypropane; Methyl ethylene oxide; Methyl oxirane; Methyloxacyclopropane; Methyloxiran; Methyloxirane; methyloxiranne; metiloxirano; Oxirane, 2-methyl-; Oxypropylene; PROPANE, 1,2-EPOXY-; Propene oxide; Propozone; Propylene epoxide; Propylene oxide; Oxirane, methyl-; 2-Methyloxirane; Oxirane, 2-methyl-; UN 1280; 5-17-01-00017; BRN 0079763; Caswell No. 713A; EINECS 200-879-2; EPA Pesticide Chemical Code 042501; Ethylene oxide, methyl-; NCI-C50099; Propane, epoxy-; Propyleneoxide; Oxyde de propylene; UNII-Y4Y7NYD4BK; 1,2-Propylene oxide; Propylene oxide; 1,2-Epoxypropane; Oxirane, methyl-; 2-Methyloxirane; Methyloxirane; Oxirane, 2-methyl-; Propene oxide; Oxirane, methyl; propylene-oxide; Methyloxiran; propane_ 1_2-epoxy-_(propylene oxide_ epoxy amine) (sara iii). vp:5 @ 20c.; propane_ 1_2-epoxy_ (propylene oxide) (sara iii). vp:442 @ 0f; propane_ 1_2-epoxy-_ (methyl oxirane). mfr cas no:9003-11-6; propane_ 1_2-epoxy_ (propylene oxide)  (sara iii). vp:440; propane_ 1_2-epoxy_ (propylene oxide); propylene oxide (sara iii) (lel: 2.80); propylene oxide (sara 313) (cercla 103a) (vapor pressure 440 mm hg); propane_1_2-epoxy-_ (proplyene oxide). vp: 440; propane_ 1_2-epoxy-_ (propylene oxide)  (sara iii). lel: 2.80%.; propane_ 1_2-epoxy-_ (propylene oxide)  (sara iii). lel:2.8%; propylene oxide (present as inhibitor); propane_ 1_2-epoxy-_ (propylene oxide)   (sara iii). vp:440; propylene oxide (sara iii); propane_ 1_2-epoxy_ (propylene oxide). vp: 440; propylene oxide (sara iii) (lel 2.80); propane_ 1_2-epoxy-_ (propylene oxide)  (sara iii). vp:440.; propane_ 1_2-epoxy-_ (propylene oxide)  (sara iii); epoxypropane_ propylene oxide; epoxypropane_ propylene oxide (suspected carcinogen by iarc& ntp) group 2a by iarc *94-2*; propane_ 1_2-epoxy-_ (oxirane_ methyl)   (sara iii). vp:440@ 68f. lel:2%.; propane_ 1_2-epoxy-_ (oxirane_ methyl)  (sara iii). vp:440@ 68f. lel:2%.; propane_ 1_2-epoxy-_ (propylene oxide)   (sara iii).lel:1.8%.; propane_ 1_2-epoxy-_ (propylene oxide) (sara iii) vp:440.; propane_ 1_2-epoxy-_ (propylene oxide) (sara iii). vp:440; propane_ 1_2-epoxy; propylene oxide (sara 302/313) (cercla). uel:0.1%.; propylene oxide (sara 302/313) (cercla); propane_ 1_2-epoxy-_ (propylene oxide) (sara 302/313) (cercla); propane_ 1_2-epoxy-_ (propylene oxide)  (sara 302/313) (cercla); propane_ 1_2-epoxy-_ (propylene oxide) (sara 302/313) (cercla). vp: 440.; propane_ 1_2-epoxy-_(methyloxirane) (sara 302/313) (cercla); propane_ 1_2-epoxy-_ (propylene oxide)  (sara 302/313) (cercla). vp:440.; propylene oxide  (sara iii); propylene oxide   (sara iii); propane_ 1_2-epoxy-_ (propylene oxide); propane_ 1_2-epoxy-_ (propylene oxide). vp:445.ld50:(oral_rat)300 mg/kg.; propane_ 1_2-epoxy-_ (propylene oxide)  (sara iii). vp:445. ld50: (oral_rat) 300 mg/kg.; propane_ 1_2-epoxy-_ (propylene oxide). ld50:(oral_rat) 300mg/kg. vp: 445; propane_ 1_2-epoxy-_ (propylene oxide). vp: 445.ld50:(oral_rat) 300 mg/kg; propane_ 1_2-epoxy-_ (propylene oxide). vp: 445. ld50:(oral_rat) 300 mg/kg.; propane_ 1_2-epoxy-_ (propylene oxide) (sara iii). vp:445; propane_1_2-epoxy-_ (propylene oxide)  (sara iii). vp:440.ld50:(rats) >24000 mg/kg; propane_1_2-epoxy-_ (proplyene oxide). vp: 445.ld50:(oral_rat) 300 mg/mg; propane_ 1_2-epoxy-_ (propylene oxide) (sara iii); propylene oxide  (sara iii). vp:440.; propane_ 1_2-epoxy-_ (propylene oxide) (sara 302/313) (cercla). vp:440.; propane_ 1_2-epoxy-_ (propylene oxide) (sara 302/313) (cercla) vp: 440; propylene oxide (sara 302/313) (cercla). vp:negligible. evap rate:negligible. sol in h*2o:negligible.; propylene oxide (sara 302/313) (cercla) vp = 442; propylene oxide (containing trace amounts of arsenic_ cadmium_ lead_ and nickel); propane_ 1_2-epoxy-_ (propylene oxide) (sara 302/313) (cercla) lel: 2.80%; propane_ 1_2-epoxy-_ (oxirane_ methy-) (sara 302/313) (cercla); propylene oxide (sara 302/313) (cercla)   lel: 2.80%; propane_ 1_2-epoxy-_ (propylene oxide) (sara 302/313) (cercla). vapor pressure: 442.; ""1,2-Epoxypropane (propylene oxide)""; PC-042501",name,CompTox,0.875,CompTox,"{'CompTox': 1.0, 'PubChemID': 0.75}"
